Plant Name,Distribution Map URL
Abelmoschus crinitus WALL.,http://envis.frlht.org/distrimaps/geomaps/1.jpg
Abelmoschus ficulneus (L.) WIGHT & ARN.,http://envis.frlht.org/distrimaps/geomaps/5.jpg
Abelmoschus moschatus MEDIK.,http://envis.frlht.org/distrimaps/geomaps/7.jpg
Abies pindrow ROYLE,http://envis.frlht.org/distrimaps/geomaps/9.jpg
Abies spectabilis (D.DON) SPACH,http://envis.frlht.org/distrimaps/geomaps/10.jpg
Abies webbiana LINDL.,http://envis.frlht.org/distrimaps/geomaps/10.jpg
Abrus precatorius L.,http://envis.frlht.org/distrimaps/geomaps/15.jpg
Abutilon asiaticum (L.) SWEET,http://envis.frlht.org/distrimaps/geomaps/17.jpg
Abutilon avicennae GAETRN.,http://envis.frlht.org/distrimaps/geomaps/18.jpg
Abutilon graveolens (ROXB. EX HORNEM.) WIGHT & ARN. EX WIGHT,http://envis.frlht.org/distrimaps/geomaps/16.jpg
Abutilon hirtum (LAM.) SWEET,http://envis.frlht.org/distrimaps/geomaps/16.jpg
Abutilon indicum (L.) SWEET Subsp. guineense (SCHUMACH.)  BORSSUM,http://envis.frlht.org/distrimaps/geomaps/17.jpg
Abutilon theophrasti MEDIK.,http://envis.frlht.org/distrimaps/geomaps/18.jpg
Acacia arabica SENSU BAKER Var. vediana COOKE,http://envis.frlht.org/distrimaps/geomaps/28.jpg
Acacia catechu (L.F.) WILLD.,http://envis.frlht.org/distrimaps/geomaps/22.jpg
Acacia chundra (ROXB. EX ROTTLER) WILLD.,http://envis.frlht.org/distrimaps/geomaps/21.jpg
Acacia concinna (WILLD.) DC.,http://envis.frlht.org/distrimaps/geomaps/36.jpg
Acacia nilotica (L.) WILLD. EX DEL. Subsp. indica (BENTH.) BRENAN,http://envis.frlht.org/distrimaps/geomaps/28.jpg
Acacia rugata (LAM.) MERR.,http://envis.frlht.org/distrimaps/geomaps/36.jpg
Acacia sinuata (LOUR.) MERR.,http://envis.frlht.org/distrimaps/geomaps/36.jpg
Acacia speciosa WILLD.,http://envis.frlht.org/distrimaps/geomaps/96.jpg
Acalypha indica L.,http://envis.frlht.org/distrimaps/geomaps/39.jpg
Acampe carinata (GRIFF) PANIGR.,http://envis.frlht.org/distrimaps/geomaps/40.jpg
Acampe papillosa (LINDL.) LINDL.,http://envis.frlht.org/distrimaps/geomaps/40.jpg
Achyranthes aspera L.,http://envis.frlht.org/distrimaps/geomaps/42.jpg
Achyranthes bidentata BLUME,http://envis.frlht.org/distrimaps/geomaps/43.jpg
Achyranthes lanata L.,http://envis.frlht.org/distrimaps/geomaps/65.jpg
Aconitum atrox (BRUHL) MUK.,http://envis.frlht.org/distrimaps/geomaps/3282.jpg
Aconitum balfourii STAPF,http://envis.frlht.org/distrimaps/geomaps/3282.jpg
Aconitum bisma (HAM.) RAPAICS,http://envis.frlht.org/distrimaps/geomaps/45.jpg
Aconitum chasmanthum STAPF EX HOLMES,http://envis.frlht.org/distrimaps/geomaps/47.jpg
Aconitum deinorrhizum STAPF,http://envis.frlht.org/distrimaps/geomaps/48.jpg
Aconitum falconeri STAPF,http://envis.frlht.org/distrimaps/geomaps/49.jpg
Aconitum ferox WALL. EX SERINGE,http://envis.frlht.org/distrimaps/geomaps/51.jpg
Aconitum heterophyllum WALL. EX ROYLE,http://envis.frlht.org/distrimaps/geomaps/52.jpg
Aconitum palmatum D.DON,http://envis.frlht.org/distrimaps/geomaps/45.jpg
Acorus calamus L.,http://envis.frlht.org/distrimaps/geomaps/53.jpg
Adenanthera pavonina L.,http://envis.frlht.org/distrimaps/geomaps/56.jpg
Adenema hyssopifolium G. DON,http://envis.frlht.org/distrimaps/geomaps/896.jpg
Adenia hondala (GAERTN.) W.J.DE WILDE,http://envis.frlht.org/distrimaps/geomaps/57.jpg
Adenia palmata ENGL.,http://envis.frlht.org/distrimaps/geomaps/57.jpg
Adenosma capitatum HOOK.F.,http://envis.frlht.org/distrimaps/geomaps/58.jpg
Adenosma indianum (LOUR.) MERR.,http://envis.frlht.org/distrimaps/geomaps/58.jpg
Adenosma indicum MERR.,http://envis.frlht.org/distrimaps/geomaps/58.jpg
Adhatoda vasica NEES,http://envis.frlht.org/distrimaps/geomaps/1251.jpg
Adhatoda zeylanica MEDIK.,http://envis.frlht.org/distrimaps/geomaps/1251.jpg
Adiantum lunulatum L.,http://envis.frlht.org/distrimaps/geomaps/62.jpg
Adiantum philippense L.,http://envis.frlht.org/distrimaps/geomaps/62.jpg
Aegle marmelos (L.) CORREA EX. SCHULTZ,http://envis.frlht.org/distrimaps/geomaps/63.jpg
Aerva lanata (L.) JUSS. EX SCHULT.,http://envis.frlht.org/distrimaps/geomaps/65.jpg
Ageratum conyzoides L.,http://envis.frlht.org/distrimaps/geomaps/81.jpg
Aglaia elaeagoidea (JUSS.) BENTH.,http://envis.frlht.org/distrimaps/geomaps/82.jpg
Aglaia odoratissima BLUME,http://envis.frlht.org/distrimaps/geomaps/82.jpg
Aglaia roxburghiana MIQ.,http://envis.frlht.org/distrimaps/geomaps/82.jpg
Ailanthus malabarica DC.,http://envis.frlht.org/distrimaps/geomaps/86.jpg
Ailanthus triphysa (DENNST.) ALSTON,http://envis.frlht.org/distrimaps/geomaps/86.jpg
Alangium decapetalum LAM.,http://envis.frlht.org/distrimaps/geomaps/90.jpg
Alangium hexapetalum LAM.,http://envis.frlht.org/distrimaps/geomaps/90.jpg
Alangium lamarckii THWAITES,http://envis.frlht.org/distrimaps/geomaps/90.jpg
Alangium salvifolium (L.F.) WANG.,http://envis.frlht.org/distrimaps/geomaps/90.jpg
Albizia amara (ROXB.) BOIVIN,http://envis.frlht.org/distrimaps/geomaps/93.jpg
Albizia lebbeck (L.) BENTH.,http://envis.frlht.org/distrimaps/geomaps/96.jpg
Albizia odoratissima (L.F.)BENTH.,http://envis.frlht.org/distrimaps/geomaps/101.jpg
Alhagi camelorum FISCH.,http://envis.frlht.org/distrimaps/geomaps/107.jpg
Alhagi maurorum DESV.,http://envis.frlht.org/distrimaps/geomaps/107.jpg
Alhagi pseudalhagi (BIEB.) DESV.,http://envis.frlht.org/distrimaps/geomaps/107.jpg
Allium stracheyi BAKER,http://envis.frlht.org/distrimaps/geomaps/113.jpg
Allium wallichii KUNTH,http://envis.frlht.org/distrimaps/geomaps/115.jpg
Alstonia scholaris R.BR.,http://envis.frlht.org/distrimaps/geomaps/138.jpg
Alstonia venenata R.BR.,http://envis.frlht.org/distrimaps/geomaps/139.jpg
Alternanthera sessilis (L.) R.BR.EX DC.,http://envis.frlht.org/distrimaps/geomaps/140.jpg
Alternanthera triandra LAM.,http://envis.frlht.org/distrimaps/geomaps/140.jpg
Althaea officinalis L.,http://envis.frlht.org/distrimaps/geomaps/142.jpg
Altingia excelsa NORONHA,http://envis.frlht.org/distrimaps/geomaps/143.jpg
Amaranthus spinosus L.,http://envis.frlht.org/distrimaps/geomaps/152.jpg
Ammannia baccifera L.,http://envis.frlht.org/distrimaps/geomaps/157.jpg
Ammannia vesicatoria ROXB.,http://envis.frlht.org/distrimaps/geomaps/157.jpg
Amomum aromaticum ROXB.,http://envis.frlht.org/distrimaps/geomaps/158.jpg
Amomum subulatum ROXB.,http://envis.frlht.org/distrimaps/geomaps/159.jpg
Amoora rohituka (ROXB.) WIGHT & ARN.,http://envis.frlht.org/distrimaps/geomaps/202.jpg
Amorphophallus paeoniifolius (DENNST.) NICOLSON,http://envis.frlht.org/distrimaps/geomaps/165.jpg
Amorphophallus sylvaticus (ROXB.) KUNTH,http://envis.frlht.org/distrimaps/geomaps/4158.jpg
Ampelocissus araneosa (DALZ. & CRIBBS.) PLANCH.,http://envis.frlht.org/distrimaps/geomaps/166.jpg
Anamirta cocculus (L.) WIGHT & ARN.,http://envis.frlht.org/distrimaps/geomaps/174.jpg
Anaphalis neelgerriana DC.,http://envis.frlht.org/distrimaps/geomaps/179.jpg
Andrachne cadishaw ROXB.,http://envis.frlht.org/distrimaps/geomaps/573.jpg
Andrographis paniculata (BURM.F.)WALLICH EX NEES.,http://envis.frlht.org/distrimaps/geomaps/181.jpg
Andropogon martini ROXB.,http://envis.frlht.org/distrimaps/geomaps/725.jpg
Andropogon muricatus RETZ.,http://envis.frlht.org/distrimaps/geomaps/2177.jpg
Andropogon squarrosus L.F.,http://envis.frlht.org/distrimaps/geomaps/2177.jpg
Angelica glauca EDGEW.,http://envis.frlht.org/distrimaps/geomaps/188.jpg
Anisomeles malabarica R.BR. EX SIMS,http://envis.frlht.org/distrimaps/geomaps/190.jpg
Anogeissus latifolia WALL. EX. GUILL. & PERR.,http://envis.frlht.org/distrimaps/geomaps/194.jpg
Antiaris toxicaria (PERS.) LESCH.,http://envis.frlht.org/distrimaps/geomaps/200.jpg
Aphanamixis polystachya (WALL.) PARKER,http://envis.frlht.org/distrimaps/geomaps/202.jpg
Aplotaxis auriculata DC.,http://envis.frlht.org/distrimaps/geomaps/1867.jpg
Aquilaria agallocha ROXB.,http://envis.frlht.org/distrimaps/geomaps/5663.jpg
"Aquilaria malaccensis LAM.,",http://envis.frlht.org/distrimaps/geomaps/5663.jpg
Argemone mexicana L.,http://envis.frlht.org/distrimaps/geomaps/212.jpg
Argyreia fulgens CHOISY,http://envis.frlht.org/distrimaps/geomaps/213.jpg
Argyreia nervosa (BURM.F.) BOJ.,http://envis.frlht.org/distrimaps/geomaps/219.jpg
Argyreia speciosa SWEET,http://envis.frlht.org/distrimaps/geomaps/219.jpg
Aristolochia bracteata RETZ.,http://envis.frlht.org/distrimaps/geomaps/222.jpg
Aristolochia bracteolata LAM.,http://envis.frlht.org/distrimaps/geomaps/222.jpg
Aristolochia indica L.,http://envis.frlht.org/distrimaps/geomaps/224.jpg
Arnebia benthamii (WALL. EX G.DON) JOHNSTON,http://envis.frlht.org/distrimaps/geomaps/225.jpg
Artabotrys hexapetalus (L.F.) BHANDARI,http://envis.frlht.org/distrimaps/geomaps/227.jpg
Artabotrys odoratissimus R.BR.,http://envis.frlht.org/distrimaps/geomaps/227.jpg
Artanema longifolia (L.) MERRILL,http://envis.frlht.org/distrimaps/geomaps/229.jpg
Artanema longifolium (L.) VATAKE,http://envis.frlht.org/distrimaps/geomaps/229.jpg
Artanema sesamoides (VAHL) BENTH.,http://envis.frlht.org/distrimaps/geomaps/229.jpg
Artemisia absinthium L.,http://envis.frlht.org/distrimaps/geomaps/231.jpg
Artemisia brevifolia WALL. EX DC.,http://envis.frlht.org/distrimaps/geomaps/236.jpg
Artemisia indica WILLD.,http://envis.frlht.org/distrimaps/geomaps/237.jpg
Artemisia maritima L.,http://envis.frlht.org/distrimaps/geomaps/236.jpg
Artemisia nilagirica (CLARKE) PAMP.,http://envis.frlht.org/distrimaps/geomaps/237.jpg
Artemisia sieversiana EHRH. EX WILLD.,http://envis.frlht.org/distrimaps/geomaps/239.jpg
Artemisia vulgaris AUCT.NON L.,http://envis.frlht.org/distrimaps/geomaps/237.jpg
Artocarpus gomezianus WALL. EX TREC. Subsp. zeylanicus JANET,http://envis.frlht.org/distrimaps/geomaps/242.jpg
Artocarpus hirsutus LAM.,http://envis.frlht.org/distrimaps/geomaps/246.jpg
Arundo donax L.,http://envis.frlht.org/distrimaps/geomaps/248.jpg
Asclepias asthmatica WILLD.,http://envis.frlht.org/distrimaps/geomaps/2141.jpg
Asclepias gigantea WILLD.,http://envis.frlht.org/distrimaps/geomaps/409.jpg
Asclepias vomitoria KOEN. EX HOOK.F.,http://envis.frlht.org/distrimaps/geomaps/2141.jpg
Asparagus adscendens ROXB.,http://envis.frlht.org/distrimaps/geomaps/252.jpg
Asparagus filicinus BUCH .-HAM. EX D. DON,http://envis.frlht.org/distrimaps/geomaps/254.jpg
Asparagus racemosus WILLD.,http://envis.frlht.org/distrimaps/geomaps/256.jpg
Asteracantha longifolia (L.) NEES,http://envis.frlht.org/distrimaps/geomaps/1158.jpg
Atalantia monophylla CORR.,http://envis.frlht.org/distrimaps/geomaps/260.jpg
Atylosia barbata (BENTH.) BAKER,http://envis.frlht.org/distrimaps/geomaps/262.jpg
Atylosia goensis DALZ.,http://envis.frlht.org/distrimaps/geomaps/262.jpg
Azadirachta indica A. JUSS.,http://envis.frlht.org/distrimaps/geomaps/266.jpg
Azima tetracantha LAM.,http://envis.frlht.org/distrimaps/geomaps/267.jpg
Bacopa monnieri (L.) PENNELL,http://envis.frlht.org/distrimaps/geomaps/269.jpg
Balanites aegyptiaca (L.) DELILE,http://envis.frlht.org/distrimaps/geomaps/271.jpg
Balanites roxburghii PLANCH.,http://envis.frlht.org/distrimaps/geomaps/271.jpg
Baliospermum axillare BLUME,http://envis.frlht.org/distrimaps/geomaps/279.jpg
Baliospermum montanum (WILLD.) MUELL.-ARG.,http://envis.frlht.org/distrimaps/geomaps/279.jpg
Baliospermum solanifolium (J.BURM.) SURESH,http://envis.frlht.org/distrimaps/geomaps/279.jpg
Balsamodendron mukul HOOK. EX STOCKS.,http://envis.frlht.org/distrimaps/geomaps/625.jpg
Barleria acanthoides VAHL.,http://envis.frlht.org/distrimaps/geomaps/283.jpg
Barleria courtallica NEES,http://envis.frlht.org/distrimaps/geomaps/285.jpg
Barleria cristata L.,http://envis.frlht.org/distrimaps/geomaps/286.jpg
Barleria longifolia L.,http://envis.frlht.org/distrimaps/geomaps/1158.jpg
Barleria strigosa WILLD.,http://envis.frlht.org/distrimaps/geomaps/291.jpg
Barringtonia acutangula (L.) GAERTN.,http://envis.frlht.org/distrimaps/geomaps/292.jpg
Barringtonia racemosa (L.) K.SPRENG.,http://envis.frlht.org/distrimaps/geomaps/293.jpg
Basella cordifolia LAM.,http://envis.frlht.org/distrimaps/geomaps/1453.jpg
Bauhinia malabarica ROXB.,http://envis.frlht.org/distrimaps/geomaps/301.jpg
Bauhinia racemosa LAM.,http://envis.frlht.org/distrimaps/geomaps/303.jpg
Bauhinia vahlii WIGHT & ARN.,http://envis.frlht.org/distrimaps/geomaps/305.jpg
Berberis aristata DC.,http://envis.frlht.org/distrimaps/geomaps/309.jpg
Berberis asiatica ROXB.,http://envis.frlht.org/distrimaps/geomaps/310.jpg
Berberis chitria EDWARDS,http://envis.frlht.org/distrimaps/geomaps/6672.jpg
Berberis lycium ROYLE,http://envis.frlht.org/distrimaps/geomaps/311.jpg
Bergenia ciliata (HOW.) STERN.,http://envis.frlht.org/distrimaps/geomaps/313.jpg
Bergenia ligulata SENSU BAILEY,http://envis.frlht.org/distrimaps/geomaps/313.jpg
Bergenia stracheyi (HOOK.F.& THOMS.) ENGL.,http://envis.frlht.org/distrimaps/geomaps/316.jpg
Betula bhojpattra WALL.,http://envis.frlht.org/distrimaps/geomaps/320.jpg
Betula utilis DON,http://envis.frlht.org/distrimaps/geomaps/320.jpg
Bignonia chelonoides L.F.,http://envis.frlht.org/distrimaps/geomaps/1984.jpg
Bignonia indica L.,http://envis.frlht.org/distrimaps/geomaps/1567.jpg
Biophytum sensitivum (L.) DC.,http://envis.frlht.org/distrimaps/geomaps/325.jpg
Blepharispermum subsessile DC.,http://envis.frlht.org/distrimaps/geomaps/329.jpg
Blumea balsamifera DC.,http://envis.frlht.org/distrimaps/geomaps/330.jpg
Blumea densiflora DC.,http://envis.frlht.org/distrimaps/geomaps/330.jpg
Blumea erientha DC.,http://envis.frlht.org/distrimaps/geomaps/332.jpg
Blyxa octandra (ROXB.) PLANCH.EX.THW.,http://envis.frlht.org/distrimaps/geomaps/334.jpg
Boerhavia diffusa L.,http://envis.frlht.org/distrimaps/geomaps/335.jpg
Boerhavia repens L.,http://envis.frlht.org/distrimaps/geomaps/335.jpg
Bombax ceiba L.,http://envis.frlht.org/distrimaps/geomaps/339.jpg
Bombax malabaricum DC.,http://envis.frlht.org/distrimaps/geomaps/339.jpg
Borreria articularis (L.F.) WILLIAMS,http://envis.frlht.org/distrimaps/geomaps/4536.jpg
Borreria hispida (L.) SCHUM.,http://envis.frlht.org/distrimaps/geomaps/1967.jpg
Boswellia glabra ROXB.,http://envis.frlht.org/distrimaps/geomaps/348.jpg
Boswellia serrata ROXB.,http://envis.frlht.org/distrimaps/geomaps/348.jpg
Boswellia serrata ROXB. Var. glabra (ROXB.) BENNETT,http://envis.frlht.org/distrimaps/geomaps/348.jpg
Boswellia thurifera ROXB.,http://envis.frlht.org/distrimaps/geomaps/348.jpg
Boucerosia aucheriana DECNE.,http://envis.frlht.org/distrimaps/geomaps/442.jpg
Bridelia montana WILLD.,http://envis.frlht.org/distrimaps/geomaps/371.jpg
Bryonia epigoea ROTTL..,http://envis.frlht.org/distrimaps/geomaps/637.jpg
Bryonia laciniosa L.,http://envis.frlht.org/distrimaps/geomaps/839.jpg
Bryonopsis laciniosa NAUD.,http://envis.frlht.org/distrimaps/geomaps/839.jpg
Buchanania lanzan SPR.,http://envis.frlht.org/distrimaps/geomaps/374.jpg
Buchanania latifolia ROXB.,http://envis.frlht.org/distrimaps/geomaps/374.jpg
Bunium persicum (BOISS.) FEDT.,http://envis.frlht.org/distrimaps/geomaps/5998.jpg
Butea frondosa ROXB. ET KOEN.,http://envis.frlht.org/distrimaps/geomaps/376.jpg
Butea monosperma (LAM.) TAUB.,http://envis.frlht.org/distrimaps/geomaps/376.jpg
Butea monosperma (LAM.) TAUB. Var. monosperma -,http://envis.frlht.org/distrimaps/geomaps/376.jpg
Butea superba ROXB.,http://envis.frlht.org/distrimaps/geomaps/379.jpg
Cacalia sonchifolia L.,http://envis.frlht.org/distrimaps/geomaps/894.jpg
Cachrys pabularia (LINDL.) HERRNST.,http://envis.frlht.org/distrimaps/geomaps/382.jpg
Cadaba trifoliata WIGHT & ARN.,http://envis.frlht.org/distrimaps/geomaps/380.jpg
Caesalpinia bonduc (L.) ROXB.,http://envis.frlht.org/distrimaps/geomaps/384.jpg
Caesalpinia bonducella (L.) FLEMING,http://envis.frlht.org/distrimaps/geomaps/384.jpg
Caesalpinia digyna ROTTL.,http://envis.frlht.org/distrimaps/geomaps/388.jpg
Calacanthus grandiflorus (DALZ.) RADLK..,http://envis.frlht.org/distrimaps/geomaps/395.jpg
Calamus rotang L.,http://envis.frlht.org/distrimaps/geomaps/397.jpg
Calamus tenuis ROXB.,http://envis.frlht.org/distrimaps/geomaps/398.jpg
Calamus travancoricus BEDD. EX HOOK. F.,http://envis.frlht.org/distrimaps/geomaps/399.jpg
Calamus viminalis WILLD.,http://envis.frlht.org/distrimaps/geomaps/400.jpg
Callicarpa lanata L.,http://envis.frlht.org/distrimaps/geomaps/2312.jpg
Callicarpa macrophylla VAHL,http://envis.frlht.org/distrimaps/geomaps/403.jpg
Callicarpa tomentosa (L.) MURRAY,http://envis.frlht.org/distrimaps/geomaps/2312.jpg
Calophyllum inophyllum L.,http://envis.frlht.org/distrimaps/geomaps/408.jpg
Calosanthes indica BLUME,http://envis.frlht.org/distrimaps/geomaps/1567.jpg
Calotropis gigantea (L.) R.BR.,http://envis.frlht.org/distrimaps/geomaps/409.jpg
Calotropis procera R.BR.,http://envis.frlht.org/distrimaps/geomaps/412.jpg
Calycopteris floribunda LAM.,http://envis.frlht.org/distrimaps/geomaps/413.jpg
Calyptranthes jambolana MOON.,http://envis.frlht.org/distrimaps/geomaps/2029.jpg
Canarium resiniferum BRUCE EX KING,http://envis.frlht.org/distrimaps/geomaps/418.jpg
Canarium strictum ROXB.,http://envis.frlht.org/distrimaps/geomaps/418.jpg
Canscora decussata SCHULTES & SCHULTES.F.,http://envis.frlht.org/distrimaps/geomaps/425.jpg
Capparis corundas -,http://envis.frlht.org/distrimaps/geomaps/447.jpg
Capparis horrida L.F.,http://envis.frlht.org/distrimaps/geomaps/437.jpg
Capparis moonii WIGHT,http://envis.frlht.org/distrimaps/geomaps/433.jpg
Capparis roxburghii DC.,http://envis.frlht.org/distrimaps/geomaps/434.jpg
Capparis sepiaria L.,http://envis.frlht.org/distrimaps/geomaps/435.jpg
Capparis spinosa L.,http://envis.frlht.org/distrimaps/geomaps/436.jpg
Capparis zeylanica L.,http://envis.frlht.org/distrimaps/geomaps/437.jpg
Caralluma edulis BENTH.,http://envis.frlht.org/distrimaps/geomaps/442.jpg
Cardiospermum halicacabum L.,http://envis.frlht.org/distrimaps/geomaps/443.jpg
Careya arborea ROXB.,http://envis.frlht.org/distrimaps/geomaps/444.jpg
Carissa carandas L.,http://envis.frlht.org/distrimaps/geomaps/447.jpg
Carpopogon pruriens ROXB.,http://envis.frlht.org/distrimaps/geomaps/1471.jpg
Carum bulbocastanum Auct. Non Koch:C.B.CLARKE,http://envis.frlht.org/distrimaps/geomaps/5998.jpg
Carum carvi L.,http://envis.frlht.org/distrimaps/geomaps/451.jpg
Carum roxburghianum KURZ.,http://envis.frlht.org/distrimaps/geomaps/2098.jpg
Casearia esculenta ROXB.,http://envis.frlht.org/distrimaps/geomaps/459.jpg
Casearia esculentta ROXB.,http://envis.frlht.org/distrimaps/geomaps/459.jpg
Casearia zeylanica (GAERTN.) RHW.,http://envis.frlht.org/distrimaps/geomaps/459.jpg
Cassia absus L.,http://envis.frlht.org/distrimaps/geomaps/460.jpg
Cassia auriculata L.,http://envis.frlht.org/distrimaps/geomaps/463.jpg
Cassia fistula L.,http://envis.frlht.org/distrimaps/geomaps/464.jpg
Cassia occidentalis L.,http://envis.frlht.org/distrimaps/geomaps/468.jpg
Cassia sophera L.,http://envis.frlht.org/distrimaps/geomaps/471.jpg
Cassia tora L.,http://envis.frlht.org/distrimaps/geomaps/472.jpg
Cassytha filiformis L.,http://envis.frlht.org/distrimaps/geomaps/475.jpg
Catunaregum spinosa (THUNB.) TIRVENGADUM,http://envis.frlht.org/distrimaps/geomaps/477.jpg
Cayratia carnosa (WALL.) GAGNEP. EX WIGHT,http://envis.frlht.org/distrimaps/geomaps/481.jpg
Cayratia pedata JUSS. EX GAGNEPAIN,http://envis.frlht.org/distrimaps/geomaps/3203.jpg
Cayratia trifolia (L.) DOMIN,http://envis.frlht.org/distrimaps/geomaps/481.jpg
Cedrela toona ROXB.,http://envis.frlht.org/distrimaps/geomaps/484.jpg
Cedrus deodara (ROXB.) LOUD.,http://envis.frlht.org/distrimaps/geomaps/485.jpg
Cedrus libani BARREL Var. deodara HOOK.,http://envis.frlht.org/distrimaps/geomaps/485.jpg
Celastrus paniculatus WILLD.,http://envis.frlht.org/distrimaps/geomaps/490.jpg
Centella asiatica (L.) URBAN,http://envis.frlht.org/distrimaps/geomaps/497.jpg
Centratherum anthelminticum (L.) KUNTZE,http://envis.frlht.org/distrimaps/geomaps/502.jpg
Ceropegia tuberosa ROXB.,http://envis.frlht.org/distrimaps/geomaps/513.jpg
Chavica roxburghii MIQ.,http://envis.frlht.org/distrimaps/geomaps/1674.jpg
Chlorophytum arundinaceum BAKER,http://envis.frlht.org/distrimaps/geomaps/517.jpg
Chlorophytum tuberosum BAKER,http://envis.frlht.org/distrimaps/geomaps/518.jpg
Chloroxylon dupada BUCH.,http://envis.frlht.org/distrimaps/geomaps/348.jpg
Chloroxylon swietenia DC.,http://envis.frlht.org/distrimaps/geomaps/519.jpg
Chonemorpha fragrans (MOON) ALSTON,http://envis.frlht.org/distrimaps/geomaps/514.jpg
Chonemorpha macrophylla (ROXB.) G.DON,http://envis.frlht.org/distrimaps/geomaps/514.jpg
Chrozophora plicata A.JUSS.,http://envis.frlht.org/distrimaps/geomaps/521.jpg
Chrozophora prostrata DALZ .,http://envis.frlht.org/distrimaps/geomaps/521.jpg
Cichorium intybus L.,http://envis.frlht.org/distrimaps/geomaps/532.jpg
Cinnamomum iners REINW.,http://envis.frlht.org/distrimaps/geomaps/539.jpg
Cinnamomum macrocarpum HOOK.,http://envis.frlht.org/distrimaps/geomaps/541.jpg
Cinnamomum tamala NEES & EBERM.,http://envis.frlht.org/distrimaps/geomaps/542.jpg
Cinnamomum wightii C.F.W.MEISSN,http://envis.frlht.org/distrimaps/geomaps/543.jpg
Cissampelos pareira L.,http://envis.frlht.org/distrimaps/geomaps/546.jpg
Cissus pedata LAM.,http://envis.frlht.org/distrimaps/geomaps/3203.jpg
Cissus quadrangularis L.,http://envis.frlht.org/distrimaps/geomaps/547.jpg
Citrullus colocynthis (L.) SCHRADER,http://envis.frlht.org/distrimaps/geomaps/551.jpg
Citrus medica L.,http://envis.frlht.org/distrimaps/geomaps/567.jpg
Cleistanthus collinus (ROXB.) BENTH.  & HOOK.,http://envis.frlht.org/distrimaps/geomaps/573.jpg
Clematis gauriana ROXB.,http://envis.frlht.org/distrimaps/geomaps/575.jpg
Clematis triloba HEYNE,http://envis.frlht.org/distrimaps/geomaps/576.jpg
Cleome felina L. F.,http://envis.frlht.org/distrimaps/geomaps/577.jpg
Cleome gynandra L.,http://envis.frlht.org/distrimaps/geomaps/578.jpg
Cleome icosandra L.,http://envis.frlht.org/distrimaps/geomaps/579.jpg
Cleome pentaphylla L.,http://envis.frlht.org/distrimaps/geomaps/578.jpg
Cleome viscosa L.,http://envis.frlht.org/distrimaps/geomaps/579.jpg
Clerodendrum indicum (L.) KUNTZE,http://envis.frlht.org/distrimaps/geomaps/581.jpg
Clerodendrum multiflorum (Burm.f.)Kuntze,http://envis.frlht.org/distrimaps/geomaps/584.jpg
Clerodendrum phlomides L.F.,http://envis.frlht.org/distrimaps/geomaps/584.jpg
Clerodendrum serratum (L.) MOON,http://envis.frlht.org/distrimaps/geomaps/585.jpg
Clerodendrum siphonanthus R.BR.,http://envis.frlht.org/distrimaps/geomaps/581.jpg
Cocculus cordifolius (WILLD.) DC.,http://envis.frlht.org/distrimaps/geomaps/2086.jpg
Cocculus hirsutus (L.) DIELS,http://envis.frlht.org/distrimaps/geomaps/596.jpg
Cocculus suberosus DC.,http://envis.frlht.org/distrimaps/geomaps/174.jpg
Cocculus villosus DC.,http://envis.frlht.org/distrimaps/geomaps/596.jpg
Cochlospermum gossypium DC.,http://envis.frlht.org/distrimaps/geomaps/601.jpg
Cochlospermum religiosum (L.) ALSTON,http://envis.frlht.org/distrimaps/geomaps/601.jpg
Coix lachryma L.,http://envis.frlht.org/distrimaps/geomaps/603.jpg
Coix lacryma-jobi L.,http://envis.frlht.org/distrimaps/geomaps/603.jpg
Colchicum luteum BAKER,http://envis.frlht.org/distrimaps/geomaps/605.jpg
Commiphora mukul (HOOK. EX. STOCKS) ENGL.,http://envis.frlht.org/distrimaps/geomaps/625.jpg
Commiphora wightii (A.) BHANDARI,http://envis.frlht.org/distrimaps/geomaps/625.jpg
Conocarpus latifolia ROXB. EX. DC.,http://envis.frlht.org/distrimaps/geomaps/194.jpg
Convolvulus gemellus BURM.F.,http://envis.frlht.org/distrimaps/geomaps/1203.jpg
Convolvulus microphyllus SIEB.EX SPRENG.,http://envis.frlht.org/distrimaps/geomaps/5882.jpg
Convolvulus nil L.,http://envis.frlht.org/distrimaps/geomaps/1202.jpg
Convolvulus paniculatus L.,http://envis.frlht.org/distrimaps/geomaps/1198.jpg
Convolvulus pluricaulis CHOIS.,http://envis.frlht.org/distrimaps/geomaps/5882.jpg
Convolvulus prostratus FORSSK.,http://envis.frlht.org/distrimaps/geomaps/5882.jpg
Convolvulus speciosus L.,http://envis.frlht.org/distrimaps/geomaps/219.jpg
Convolvulus turpethum L.,http://envis.frlht.org/distrimaps/geomaps/1553.jpg
Conyza cinerea L.,http://envis.frlht.org/distrimaps/geomaps/2175.jpg
Coptis teeta WALL.,http://envis.frlht.org/distrimaps/geomaps/634.jpg
Corallocarpus epigaea HOOK.,http://envis.frlht.org/distrimaps/geomaps/637.jpg
Corallocarpus epigaeus BENTH.,http://envis.frlht.org/distrimaps/geomaps/637.jpg
Corchorus depressus STOCKS,http://envis.frlht.org/distrimaps/geomaps/642.jpg
Corchorus trilocularis L.,http://envis.frlht.org/distrimaps/geomaps/644.jpg
Cordia dichotoma FORST. F.,http://envis.frlht.org/distrimaps/geomaps/645.jpg
Cordia latifolia ROXB.,http://envis.frlht.org/distrimaps/geomaps/649.jpg
Cordia myxa SENU CL.,http://envis.frlht.org/distrimaps/geomaps/645.jpg
Cordia obliqua WILLD.,http://envis.frlht.org/distrimaps/geomaps/649.jpg
Corydalis govaniana WALL.,http://envis.frlht.org/distrimaps/geomaps/654.jpg
Coscinium fenestratum (GAERTN.) COLEB.,http://envis.frlht.org/distrimaps/geomaps/656.jpg
Costus speciosus (KOEN. EX RETZ.) SM.,http://envis.frlht.org/distrimaps/geomaps/657.jpg
Crataeva magna (LOUR.) DC.,http://envis.frlht.org/distrimaps/geomaps/662.jpg
Crataeva marmelos L.,http://envis.frlht.org/distrimaps/geomaps/63.jpg
Crataeva nurvala SENSU KANJ. & DAS,http://envis.frlht.org/distrimaps/geomaps/662.jpg
Crataeva religiosa FORST.,http://envis.frlht.org/distrimaps/geomaps/662.jpg
Crataeva tapia -,http://envis.frlht.org/distrimaps/geomaps/662.jpg
Crepidium acuminatum (D.DON) SZLAC.,http://envis.frlht.org/distrimaps/geomaps/7559.jpg
Crotalaria verrucosa L.,http://envis.frlht.org/distrimaps/geomaps/672.jpg
Croton plicatum VAHL,http://envis.frlht.org/distrimaps/geomaps/521.jpg
Croton polyandrum ROXB.,http://envis.frlht.org/distrimaps/geomaps/279.jpg
Croton sebiferum L.,http://envis.frlht.org/distrimaps/geomaps/676.jpg
Cryptolepis buchananii ROEMER & SCHULTES,http://envis.frlht.org/distrimaps/geomaps/678.jpg
Cucumis colocynthis L.,http://envis.frlht.org/distrimaps/geomaps/551.jpg
Cucumis madraspatanus L.,http://envis.frlht.org/distrimaps/geomaps/1474.jpg
Curculigo orchioides GAERTN.,http://envis.frlht.org/distrimaps/geomaps/700.jpg
Curcuma angustifolia ROXB.,http://envis.frlht.org/distrimaps/geomaps/702.jpg
Curcuma zedoaria (CHRIST.) ROSCOE,http://envis.frlht.org/distrimaps/geomaps/705.jpg
Curcuma zerumbet ROXB.,http://envis.frlht.org/distrimaps/geomaps/705.jpg
Cuscuta reflexa ROXB.,http://envis.frlht.org/distrimaps/geomaps/707.jpg
Cyathula prostrata BLUME,http://envis.frlht.org/distrimaps/geomaps/711.jpg
Cycas circinalis L.,http://envis.frlht.org/distrimaps/geomaps/715.jpg
Cyclea arnotii MIERS.,http://envis.frlht.org/distrimaps/geomaps/712.jpg
Cyclea burmanni (DC.) HOOK.F. TH.,http://envis.frlht.org/distrimaps/geomaps/712.jpg
Cyclea peltata (LAM.) HOOK. F. & THOMSON,http://envis.frlht.org/distrimaps/geomaps/712.jpg
Cymbopogon martini (ROXB.) WATS,http://envis.frlht.org/distrimaps/geomaps/725.jpg
Cynanchum extensum JACQ.,http://envis.frlht.org/distrimaps/geomaps/1617.jpg
Cyperus esculentus L.,http://envis.frlht.org/distrimaps/geomaps/738.jpg
Cyperus rotundus L.,http://envis.frlht.org/distrimaps/geomaps/742.jpg
Dactylorhiza hatagirea (DON.)  SOO,http://envis.frlht.org/distrimaps/geomaps/3511.jpg
Daemia extensa R.BR.,http://envis.frlht.org/distrimaps/geomaps/1617.jpg
Dalbergia emarginata ROXB.,http://envis.frlht.org/distrimaps/geomaps/753.jpg
Dalbergia latifolia ROXB.,http://envis.frlht.org/distrimaps/geomaps/753.jpg
Dalbergia sissoides GRAHAM EX. WIGHT & ARN.,http://envis.frlht.org/distrimaps/geomaps/755.jpg
Dalbergia sissoo ROXB.,http://envis.frlht.org/distrimaps/geomaps/756.jpg
Datura innoxia MILL.,http://envis.frlht.org/distrimaps/geomaps/760.jpg
Datura stramonium L.,http://envis.frlht.org/distrimaps/geomaps/766.jpg
Datura tatula L.,http://envis.frlht.org/distrimaps/geomaps/766.jpg
Decalepis hamiltonii WIGHT & ARN.,http://envis.frlht.org/distrimaps/geomaps/770.jpg
Delima scandens (L.) MERR.,http://envis.frlht.org/distrimaps/geomaps/4296.jpg
Delonix elata (L.) GAMBLE,http://envis.frlht.org/distrimaps/geomaps/772.jpg
Delphaenium denudatum WALL.,http://envis.frlht.org/distrimaps/geomaps/775.jpg
Delphinium bruonianum ROYLE,http://envis.frlht.org/distrimaps/geomaps/773.jpg
Delphinium cashmirianum ROYLE,http://envis.frlht.org/distrimaps/geomaps/774.jpg
Delphinium denudatum WALL. EX HOOK. F. & THOMS.,http://envis.frlht.org/distrimaps/geomaps/775.jpg
Delphinium glaciale HOOK.F. & THOMSON,http://envis.frlht.org/distrimaps/geomaps/776.jpg
Delphinium kashmirianum ROYLE.,http://envis.frlht.org/distrimaps/geomaps/774.jpg
Delphinium kohatense (BRUHL.) MUNZ,http://envis.frlht.org/distrimaps/geomaps/777.jpg
Delphinium saniculifolium AUCT NON BOISS.,http://envis.frlht.org/distrimaps/geomaps/777.jpg
Dendrophthoe elastica (DESR.) DANSER,http://envis.frlht.org/distrimaps/geomaps/4679.jpg
Dendrophthoe falcata (L.F) ETTING.,http://envis.frlht.org/distrimaps/geomaps/782.jpg
Derris indica (LAM.) BENNET,http://envis.frlht.org/distrimaps/geomaps/788.jpg
Desmanthus cinereus WILLD.,http://envis.frlht.org/distrimaps/geomaps/804.jpg
Desmodium gangeticum (L.) DC.,http://envis.frlht.org/distrimaps/geomaps/789.jpg
Desmodium pulchellum BENTH.EX. BAKER.,http://envis.frlht.org/distrimaps/geomaps/797.jpg
Desmodium triflorum DC.,http://envis.frlht.org/distrimaps/geomaps/798.jpg
Desmostachya bipinnata STAPF,http://envis.frlht.org/distrimaps/geomaps/801.jpg
Dichrostachys cinerea WIGHT & ARN.,http://envis.frlht.org/distrimaps/geomaps/804.jpg
Didymocarpus pedicellata R.BR.,http://envis.frlht.org/distrimaps/geomaps/806.jpg
Dienia muscifera LINDL.,http://envis.frlht.org/distrimaps/geomaps/1369.jpg
Dillenia pentagyna ROXB.,http://envis.frlht.org/distrimaps/geomaps/811.jpg
Dioscorea bulbifera L.,http://envis.frlht.org/distrimaps/geomaps/819.jpg
Dioscorea crispata ROXB.,http://envis.frlht.org/distrimaps/geomaps/819.jpg
Dioscorea oppositifolia L.,http://envis.frlht.org/distrimaps/geomaps/824.jpg
Dioscorea pentaphylla L.,http://envis.frlht.org/distrimaps/geomaps/826.jpg
Dioscorea prazeri PRAIN & BURKILL,http://envis.frlht.org/distrimaps/geomaps/825.jpg
Dioscorea sativa AUCT. NON L.,http://envis.frlht.org/distrimaps/geomaps/819.jpg
Diospyros candolleana WIGHT,http://envis.frlht.org/distrimaps/geomaps/828.jpg
Diospyros melanoxylon ROXB.,http://envis.frlht.org/distrimaps/geomaps/836.jpg
Diospyros paniculata DALZ.,http://envis.frlht.org/distrimaps/geomaps/838.jpg
Diplocyclos palmatus (L.) JAFFREY,http://envis.frlht.org/distrimaps/geomaps/839.jpg
Dipterocarpus alatus ROXB.,http://envis.frlht.org/distrimaps/geomaps/841.jpg
Dipterocarpus turbinatus GAERTN. F.,http://envis.frlht.org/distrimaps/geomaps/842.jpg
Dolichos cylindricus DESV.,http://envis.frlht.org/distrimaps/geomaps/2203.jpg
"Dolichos pruriens (L,)",http://envis.frlht.org/distrimaps/geomaps/1471.jpg
Dolomaea macrocephala DC.,http://envis.frlht.org/distrimaps/geomaps/4195.jpg
Drimia indica (ROXB.) J.P. JESSOP,http://envis.frlht.org/distrimaps/geomaps/856.jpg
Dysoxylum malabaricum BEDD.,http://envis.frlht.org/distrimaps/geomaps/865.jpg
Ecbolium linneanum KURZ.,http://envis.frlht.org/distrimaps/geomaps/868.jpg
Ecbolium viride (FORSK.) ALSTON,http://envis.frlht.org/distrimaps/geomaps/868.jpg
Ecbolium virids (FORSSK.) ALSTON,http://envis.frlht.org/distrimaps/geomaps/868.jpg
Echinops echinatus ROXB.,http://envis.frlht.org/distrimaps/geomaps/871.jpg
Eclipta alba HASSK.,http://envis.frlht.org/distrimaps/geomaps/872.jpg
Eclipta erecta L.,http://envis.frlht.org/distrimaps/geomaps/872.jpg
Eclipta prostrata (L.) L.,http://envis.frlht.org/distrimaps/geomaps/872.jpg
Elaeocarpus ganitrus ROXB.,http://envis.frlht.org/distrimaps/geomaps/879.jpg
Elaeocarpus sphaericus (GAERTN.) K.SCHUM.,http://envis.frlht.org/distrimaps/geomaps/879.jpg
Elaeocarpus tuberculatus ROXB.,http://envis.frlht.org/distrimaps/geomaps/881.jpg
Elephantopus scaber L.,http://envis.frlht.org/distrimaps/geomaps/882.jpg
Embelia ribes BURM.F.,http://envis.frlht.org/distrimaps/geomaps/891.jpg
Embelia tsjeriam-cottam A.DC.,http://envis.frlht.org/distrimaps/geomaps/890.jpg
Emblica officinalis GAERTN.,http://envis.frlht.org/distrimaps/geomaps/892.jpg
Emilia sonchifolia (L.) DC.,http://envis.frlht.org/distrimaps/geomaps/894.jpg
Enicostemma axillare (LAM.) RAYNAL,http://envis.frlht.org/distrimaps/geomaps/896.jpg
Enicostemma hyssopifolium (WILLD.) VERDOORN,http://envis.frlht.org/distrimaps/geomaps/896.jpg
Enicostemma littorale BLUME,http://envis.frlht.org/distrimaps/geomaps/896.jpg
Enicostemma verticillatum (L.) ENGL.,http://envis.frlht.org/distrimaps/geomaps/896.jpg
Ephedra gerardiana WALL.,http://envis.frlht.org/distrimaps/geomaps/901.jpg
Ephedra vulgaris HOOK.F. NON A.RICH.,http://envis.frlht.org/distrimaps/geomaps/901.jpg
Eragrostis cynosuroides BEAUV.,http://envis.frlht.org/distrimaps/geomaps/801.jpg
Erianthus munja JESW.,http://envis.frlht.org/distrimaps/geomaps/1831.jpg
Eugenia caryophyllaea WIGHT,http://envis.frlht.org/distrimaps/geomaps/2025.jpg
Eugenia jambolana LAM.,http://envis.frlht.org/distrimaps/geomaps/2029.jpg
Eugenia racemosa L.,http://envis.frlht.org/distrimaps/geomaps/293.jpg
Eulaliopsis binata (RETZ.) C.E. HUBBARD,http://envis.frlht.org/distrimaps/geomaps/919.jpg
Eulophia campestris WALL.,http://envis.frlht.org/distrimaps/geomaps/920.jpg
Euodia lanu-ankenda (GAERTN.)MERR.,http://envis.frlht.org/distrimaps/geomaps/946.jpg
Euonymus tingens WALL.,http://envis.frlht.org/distrimaps/geomaps/925.jpg
Euphorbia antiquorum L.,http://envis.frlht.org/distrimaps/geomaps/928.jpg
Euphorbia hirta L.,http://envis.frlht.org/distrimaps/geomaps/930.jpg
Euphorbia nivulia BUCH.-HAM.,http://envis.frlht.org/distrimaps/geomaps/937.jpg
Euphorbia pilulifera L.,http://envis.frlht.org/distrimaps/geomaps/930.jpg
Euphorbia royleana BOISS.,http://envis.frlht.org/distrimaps/geomaps/939.jpg
Euphorbia thymifolia L.,http://envis.frlht.org/distrimaps/geomaps/941.jpg
Euphorbia tortilis ROTTLER,http://envis.frlht.org/distrimaps/geomaps/943.jpg
Euryale ferox SALISB.,http://envis.frlht.org/distrimaps/geomaps/945.jpg
Evodia lunu-ankenda MERRILL,http://envis.frlht.org/distrimaps/geomaps/946.jpg
Evodia roxburghiana BENTH.,http://envis.frlht.org/distrimaps/geomaps/946.jpg
Evolvulus alsinoides L.,http://envis.frlht.org/distrimaps/geomaps/949.jpg
Evolvulus emarginatus BURM.F.,http://envis.frlht.org/distrimaps/geomaps/1419.jpg
Excoecaria agallocha L.,http://envis.frlht.org/distrimaps/geomaps/951.jpg
Fagonia arabica L.,http://envis.frlht.org/distrimaps/geomaps/954.jpg
Fagonia cretica L.,http://envis.frlht.org/distrimaps/geomaps/954.jpg
Fagonia indica L. Var. schweinfurthii HADIDI,http://envis.frlht.org/distrimaps/geomaps/954.jpg
Ferula jaeschkeana VATKE,http://envis.frlht.org/distrimaps/geomaps/961.jpg
Ferula narthex BOISS.,http://envis.frlht.org/distrimaps/geomaps/962.jpg
Ficus amplissima SMITH.,http://envis.frlht.org/distrimaps/geomaps/994.jpg
Ficus arnottiana (MIQ.) MIQ.,http://envis.frlht.org/distrimaps/geomaps/958.jpg
Ficus bengalensis L.,http://envis.frlht.org/distrimaps/geomaps/969.jpg
Ficus dalhousiae MIQ.,http://envis.frlht.org/distrimaps/geomaps/971.jpg
Ficus religiosa L.,http://envis.frlht.org/distrimaps/geomaps/987.jpg
Ficus tsiela ROXB.,http://envis.frlht.org/distrimaps/geomaps/994.jpg
Ficus tsjakela BURM .F.,http://envis.frlht.org/distrimaps/geomaps/993.jpg
Flacourtia cataphracta ROXB. EX WILLD.,http://envis.frlht.org/distrimaps/geomaps/1002.jpg
Flacourtia indica (BURM.F.),http://envis.frlht.org/distrimaps/geomaps/1000.jpg
Flacourtia jangomas (LOUR.) RAEUSCH.,http://envis.frlht.org/distrimaps/geomaps/1002.jpg
Flacourtia sepiaria ROXB.,http://envis.frlht.org/distrimaps/geomaps/1000.jpg
Flemingia congesta ROXB.,http://envis.frlht.org/distrimaps/geomaps/1006.jpg
Flemingia macrophylla (WILLD.) O.KTZE. EX MERR.,http://envis.frlht.org/distrimaps/geomaps/1006.jpg
Flemingia stricta ROXB.,http://envis.frlht.org/distrimaps/geomaps/1006.jpg
Flickingeria macraei (LINDL.)  BENNET,http://envis.frlht.org/distrimaps/geomaps/1009.jpg
Flickingeria nodosa (DALZ.) SEIDENF.,http://envis.frlht.org/distrimaps/geomaps/1011.jpg
Fluegea leucopyrus WIGHT.,http://envis.frlht.org/distrimaps/geomaps/1883.jpg
Flueggea leucopyrus WILLD.,http://envis.frlht.org/distrimaps/geomaps/1883.jpg
Fraxinus floribunda WALL.,http://envis.frlht.org/distrimaps/geomaps/1018.jpg
Fritillaria roylei HOOK.,http://envis.frlht.org/distrimaps/geomaps/1019.jpg
Fumaria indica PUGSLEY,http://envis.frlht.org/distrimaps/geomaps/1023.jpg
Fumaria parviflora AUCT. NON. LAM.,http://envis.frlht.org/distrimaps/geomaps/1023.jpg
Fumaria vaillantii LOISEL,http://envis.frlht.org/distrimaps/geomaps/1023.jpg
Galega purpurea L.,http://envis.frlht.org/distrimaps/geomaps/2057.jpg
Garcinia cambogia GAERTN. DESR.,http://envis.frlht.org/distrimaps/geomaps/4811.jpg
Garcinia gummi-gutta (L.) ROBS.,http://envis.frlht.org/distrimaps/geomaps/4811.jpg
Garcinia indica (DUP.) CHOISY,http://envis.frlht.org/distrimaps/geomaps/1027.jpg
Garcinia morella (GAERTN.) DESR.,http://envis.frlht.org/distrimaps/geomaps/1029.jpg
Garcinia pedunculata ROXB.,http://envis.frlht.org/distrimaps/geomaps/1030.jpg
Garcinia pictoria ROXB.,http://envis.frlht.org/distrimaps/geomaps/1031.jpg
Garcinia purpurea G.DON.,http://envis.frlht.org/distrimaps/geomaps/1027.jpg
Garcinia tinctoria (DC.) W.F. WIGHT,http://envis.frlht.org/distrimaps/geomaps/1032.jpg
Garcinia xanthochymus HOOK.F.,http://envis.frlht.org/distrimaps/geomaps/1032.jpg
Gardenia dumetorum RETZ.,http://envis.frlht.org/distrimaps/geomaps/477.jpg
Gardenia floribunda ROXB.,http://envis.frlht.org/distrimaps/geomaps/477.jpg
Gardenia gummifera L.F.,http://envis.frlht.org/distrimaps/geomaps/1035.jpg
Gardenia lucida ROXB.,http://envis.frlht.org/distrimaps/geomaps/1038.jpg
Gardenia resinifera ROTH.,http://envis.frlht.org/distrimaps/geomaps/1038.jpg
Garuga pinnata ROXB.,http://envis.frlht.org/distrimaps/geomaps/1041.jpg
Gentiana kurroo ROYLE.,http://envis.frlht.org/distrimaps/geomaps/1044.jpg
Glinus dictamnoides BURM.F.,http://envis.frlht.org/distrimaps/geomaps/1049.jpg
Glinus lotoides L.,http://envis.frlht.org/distrimaps/geomaps/1049.jpg
Glinus oppositifolius (L.) A.DC.,http://envis.frlht.org/distrimaps/geomaps/1050.jpg
Gloriosa superba L.,http://envis.frlht.org/distrimaps/geomaps/1052.jpg
Glossocardia bosvallea DC.,http://envis.frlht.org/distrimaps/geomaps/1053.jpg
Glossocardia linearifolia CASS.,http://envis.frlht.org/distrimaps/geomaps/1053.jpg
Glycine labialis L.F.,http://envis.frlht.org/distrimaps/geomaps/2064.jpg
Gmelina arborea L.,http://envis.frlht.org/distrimaps/geomaps/1063.jpg
Gmelina asiatica L.,http://envis.frlht.org/distrimaps/geomaps/1064.jpg
Gratiola monnieria L.,http://envis.frlht.org/distrimaps/geomaps/269.jpg
Grewia asiatica MAST.,http://envis.frlht.org/distrimaps/geomaps/4819.jpg
Grewia subinaequalis DC.,http://envis.frlht.org/distrimaps/geomaps/4819.jpg
Guilandina bonducella L.,http://envis.frlht.org/distrimaps/geomaps/384.jpg
Gymnema aurantiaca WALL.,http://envis.frlht.org/distrimaps/geomaps/1305.jpg
Gymnema spartium WALL.,http://envis.frlht.org/distrimaps/geomaps/1307.jpg
Gymnema sylvestre R.BR.,http://envis.frlht.org/distrimaps/geomaps/1085.jpg
Gynandropsis gynandra BRIQUET,http://envis.frlht.org/distrimaps/geomaps/578.jpg
Gynandropsis pentaphylla L.,http://envis.frlht.org/distrimaps/geomaps/578.jpg
Gynocardia odorata R.BR.,http://envis.frlht.org/distrimaps/geomaps/1090.jpg
Habenaria edgeworthii HOOK. F. EX COLLETT,http://envis.frlht.org/distrimaps/geomaps/1093.jpg
Habenaria intermedia DON.,http://envis.frlht.org/distrimaps/geomaps/1094.jpg
Hardwickia binata ROXB.,http://envis.frlht.org/distrimaps/geomaps/1102.jpg
Hedyotis corymbosa (L.) LAM.,http://envis.frlht.org/distrimaps/geomaps/1107.jpg
Hedyotis herbacea L.,http://envis.frlht.org/distrimaps/geomaps/1110.jpg
Hedyotis puberula R.BR.,http://envis.frlht.org/distrimaps/geomaps/1112.jpg
Hedyotis umbellata (L.) LAM.,http://envis.frlht.org/distrimaps/geomaps/1112.jpg
Hedysarum alhagi L.,http://envis.frlht.org/distrimaps/geomaps/107.jpg
Hedysarum gangeticum L.,http://envis.frlht.org/distrimaps/geomaps/789.jpg
Hedysarum triflorum L.,http://envis.frlht.org/distrimaps/geomaps/798.jpg
Hedysarum tuberosum L.,http://envis.frlht.org/distrimaps/geomaps/1770.jpg
Helicanthes elastica (DESR.) DANSER,http://envis.frlht.org/distrimaps/geomaps/4679.jpg
Helicteres isora L.,http://envis.frlht.org/distrimaps/geomaps/1116.jpg
Helicteres isora L. Var. tomentosa -,http://envis.frlht.org/distrimaps/geomaps/1116.jpg
Heliotropium indicum L.,http://envis.frlht.org/distrimaps/geomaps/1119.jpg
Heliotropium keralense SIV. & MANL.,http://envis.frlht.org/distrimaps/geomaps/1121.jpg
Heliotropium rariflorum STOCKS,http://envis.frlht.org/distrimaps/geomaps/1122.jpg
Hemidesmus indicus (L.) SCHULT.,http://envis.frlht.org/distrimaps/geomaps/1125.jpg
Hemionitis arifolia (BURM.) MOORE,http://envis.frlht.org/distrimaps/geomaps/1127.jpg
Herpestis monniera (L.) H.B. & K.,http://envis.frlht.org/distrimaps/geomaps/269.jpg
Hesperethusa crenulata (ROXB.) M. ROEM.,http://envis.frlht.org/distrimaps/geomaps/1502.jpg
Hibiscus abelmoschus L.,http://envis.frlht.org/distrimaps/geomaps/7.jpg
Hibiscus cancellatus ROXB.,http://envis.frlht.org/distrimaps/geomaps/1.jpg
Hibiscus ficulneus L.,http://envis.frlht.org/distrimaps/geomaps/5.jpg
Hibiscus tiliaceus L.,http://envis.frlht.org/distrimaps/geomaps/1137.jpg
Holarrhena antidysenterica (ROTH.) A.DC.,http://envis.frlht.org/distrimaps/geomaps/1140.jpg
Holarrhena pubescens (BUCH.-HAM.) WALLICH EX DO,http://envis.frlht.org/distrimaps/geomaps/1140.jpg
Holoptelea integrifolia (ROXB.) PLANCHON,http://envis.frlht.org/distrimaps/geomaps/1142.jpg
Holostemma ada-kodien SCHULT.,http://envis.frlht.org/distrimaps/geomaps/1143.jpg
Holostemma annulare (ROXB.) K.SCHUM.,http://envis.frlht.org/distrimaps/geomaps/1143.jpg
Holostemma rheedianum SPRENG.,http://envis.frlht.org/distrimaps/geomaps/1143.jpg
Holostemma rheedii WALL.,http://envis.frlht.org/distrimaps/geomaps/1143.jpg
Homonoia riparia LOUR.,http://envis.frlht.org/distrimaps/geomaps/1146.jpg
Hugonia mystax L.,http://envis.frlht.org/distrimaps/geomaps/1149.jpg
Humboldtia vahliana WIGHT,http://envis.frlht.org/distrimaps/geomaps/1148.jpg
Hybanthus enneaspermus (L.F.) MUELL.,http://envis.frlht.org/distrimaps/geomaps/1150.jpg
Hydnocarpus inebrians VAHL,http://envis.frlht.org/distrimaps/geomaps/1155.jpg
Hydnocarpus kurzii (KING) WARB.,http://envis.frlht.org/distrimaps/geomaps/1152.jpg
Hydnocarpus laurifolia (DENNST.) STEUM.,http://envis.frlht.org/distrimaps/geomaps/1155.jpg
Hydnocarpus pentandra (BUCH.-HAM.) OKEN,http://envis.frlht.org/distrimaps/geomaps/1155.jpg
Hydnocarpus wightiana BLUME,http://envis.frlht.org/distrimaps/geomaps/1155.jpg
Hydrocotyle asiatica L.,http://envis.frlht.org/distrimaps/geomaps/497.jpg
Hygrophila auriculata (SCHUMACH.) HEINE,http://envis.frlht.org/distrimaps/geomaps/1158.jpg
Hygrophila schulli (HAM.) M.R. & S.M. ALMEIDA,http://envis.frlht.org/distrimaps/geomaps/1158.jpg
Hygrophila spinosa T. ANDER.,http://envis.frlht.org/distrimaps/geomaps/1158.jpg
Hygroryza aristata NEES,http://envis.frlht.org/distrimaps/geomaps/1163.jpg
Hyoscyamus niger L.,http://envis.frlht.org/distrimaps/geomaps/1166.jpg
Hypoxis orchioides KURZ.,http://envis.frlht.org/distrimaps/geomaps/700.jpg
Ichnocarpus frutescens R.BR.,http://envis.frlht.org/distrimaps/geomaps/1169.jpg
Illecebrum lanatum ROXB.,http://envis.frlht.org/distrimaps/geomaps/65.jpg
Imperata arundinacea CYR.,http://envis.frlht.org/distrimaps/geomaps/1173.jpg
Imperata cylindrica (L.) RAEUSCH.,http://envis.frlht.org/distrimaps/geomaps/1173.jpg
Indigofera argentea BURM.F.,http://envis.frlht.org/distrimaps/geomaps/1178.jpg
Inula racemosa HOOK. F.,http://envis.frlht.org/distrimaps/geomaps/1188.jpg
Inula royleana DC.,http://envis.frlht.org/distrimaps/geomaps/1189.jpg
Ionidium enneaspermum VENT.,http://envis.frlht.org/distrimaps/geomaps/1150.jpg
Ionidium suffruticosum GING.,http://envis.frlht.org/distrimaps/geomaps/1150.jpg
Ipomoea biloba FORSSK.,http://envis.frlht.org/distrimaps/geomaps/1204.jpg
Ipomoea digitata L.,http://envis.frlht.org/distrimaps/geomaps/1198.jpg
Ipomoea hederacea AUCT. NON JACQ.,http://envis.frlht.org/distrimaps/geomaps/1202.jpg
Ipomoea mauritiana JACQ.,http://envis.frlht.org/distrimaps/geomaps/1198.jpg
Ipomoea nil (L.) ROTH.,http://envis.frlht.org/distrimaps/geomaps/1202.jpg
Ipomoea obscura KER.-GAWL.,http://envis.frlht.org/distrimaps/geomaps/1203.jpg
Ipomoea paniculata (L.) R.BR.,http://envis.frlht.org/distrimaps/geomaps/1198.jpg
"Ipomoea pes-caprae (L,) R.BR.",http://envis.frlht.org/distrimaps/geomaps/1204.jpg
Ipomoea pes-tigridis L.,http://envis.frlht.org/distrimaps/geomaps/1206.jpg
Ipomoea reniformis (ROXB.) CHOISY,http://envis.frlht.org/distrimaps/geomaps/1419.jpg
Ipomoea sepiaria ROXB.,http://envis.frlht.org/distrimaps/geomaps/1211.jpg
Ipomoea tridentata (L.)ROTH.,http://envis.frlht.org/distrimaps/geomaps/1213.jpg
Ipomoea turpethum (L..) R. BR.,http://envis.frlht.org/distrimaps/geomaps/1553.jpg
Iris ensata THUNB.,http://envis.frlht.org/distrimaps/geomaps/1215.jpg
Iris germanica L.,http://envis.frlht.org/distrimaps/geomaps/1217.jpg
Ixora coccinea L.,http://envis.frlht.org/distrimaps/geomaps/1222.jpg
Jatropha montana WILLD.,http://envis.frlht.org/distrimaps/geomaps/279.jpg
Juglans regia L.,http://envis.frlht.org/distrimaps/geomaps/1246.jpg
Juniperus communis L.,http://envis.frlht.org/distrimaps/geomaps/1247.jpg
Juniperus macropoda BOISS.,http://envis.frlht.org/distrimaps/geomaps/6177.jpg
Juniperus polycarpos C. KOCH.,http://envis.frlht.org/distrimaps/geomaps/6177.jpg
Jurinea dolomiaea BOISS,http://envis.frlht.org/distrimaps/geomaps/4195.jpg
Jurinea macrocephala (ROYLE) CL.,http://envis.frlht.org/distrimaps/geomaps/4195.jpg
Jurinea macrophylla BTH.,http://envis.frlht.org/distrimaps/geomaps/4195.jpg
Justicia adhatoda L.,http://envis.frlht.org/distrimaps/geomaps/1251.jpg
Justicia bicalyculata VAHL.,http://envis.frlht.org/distrimaps/geomaps/1621.jpg
Justicia ecbolium L.,http://envis.frlht.org/distrimaps/geomaps/868.jpg
Justicia paniculata (VAHL) CL.,http://envis.frlht.org/distrimaps/geomaps/181.jpg
Kaempferia galanga L.,http://envis.frlht.org/distrimaps/geomaps/1263.jpg
Kalanchoe laciniata (L.) DC.,http://envis.frlht.org/distrimaps/geomaps/1265.jpg
Kirganelia reticulata BAILL.,http://envis.frlht.org/distrimaps/geomaps/1649.jpg
Lagenandra ovata (L.) THW.,http://envis.frlht.org/distrimaps/geomaps/2456.jpg
Lagenandra toxicaria (L.) THW.,http://envis.frlht.org/distrimaps/geomaps/2456.jpg
Lagerstroemia flos-reginae RETZ.,http://envis.frlht.org/distrimaps/geomaps/1278.jpg
Lagerstroemia speciosa (L.) PERS.,http://envis.frlht.org/distrimaps/geomaps/1278.jpg
Lamprachaenium microcephalum BENTH.,http://envis.frlht.org/distrimaps/geomaps/1280.jpg
Lannea coromandelica (HOUTT.) MERRILL,http://envis.frlht.org/distrimaps/geomaps/1281.jpg
Lannea grandis (DENNST.) ENGL.,http://envis.frlht.org/distrimaps/geomaps/1281.jpg
Lasia spinosa THW.,http://envis.frlht.org/distrimaps/geomaps/1285.jpg
Leptadenia pyrotechnica DCNE,http://envis.frlht.org/distrimaps/geomaps/1307.jpg
Leptadenia reticulata (RETZ.) WIGHT & ARN.,http://envis.frlht.org/distrimaps/geomaps/1305.jpg
Leptadenia spartium WIGHT,http://envis.frlht.org/distrimaps/geomaps/1307.jpg
Lettsomia nervosa ROXB.,http://envis.frlht.org/distrimaps/geomaps/219.jpg
Leucas aspera (WILLD.) SPRENG.,http://envis.frlht.org/distrimaps/geomaps/1313.jpg
Leucas plukenetii (ROTH) SPRENG.,http://envis.frlht.org/distrimaps/geomaps/1313.jpg
Lilium polyphyllum DON.,http://envis.frlht.org/distrimaps/geomaps/1316.jpg
Limonia crenulata ROXB.,http://envis.frlht.org/distrimaps/geomaps/1502.jpg
Lippia nodiflora MICH.,http://envis.frlht.org/distrimaps/geomaps/1639.jpg
Litsea chinensis LAM.,http://envis.frlht.org/distrimaps/geomaps/1329.jpg
Litsea citrata BL.,http://envis.frlht.org/distrimaps/geomaps/1328.jpg
Litsea cubeba (LOUR.) PERS.,http://envis.frlht.org/distrimaps/geomaps/1328.jpg
Litsea glutimosa (LOUR.) C.B. ROBINSON,http://envis.frlht.org/distrimaps/geomaps/1329.jpg
Litsea glutinosa (LOUR.) ROBINSON,http://envis.frlht.org/distrimaps/geomaps/1329.jpg
Litsea sebifera PERS.,http://envis.frlht.org/distrimaps/geomaps/1329.jpg
Lobelia nicotianaefolia ROTH. EX. R. & S.,http://envis.frlht.org/distrimaps/geomaps/1333.jpg
Loranthus elasticus DESR.,http://envis.frlht.org/distrimaps/geomaps/4679.jpg
Loranthus falcatus L.F.,http://envis.frlht.org/distrimaps/geomaps/782.jpg
Loranthus longiflorus DESR.,http://envis.frlht.org/distrimaps/geomaps/782.jpg
Loranthus pentandrus HEYNE. EX SCHULT.F.,http://envis.frlht.org/distrimaps/geomaps/782.jpg
Luffa echinata ROXB.,http://envis.frlht.org/distrimaps/geomaps/1351.jpg
Luvunga scandens (BLUME) KURZ.,http://envis.frlht.org/distrimaps/geomaps/1354.jpg
Macrotomia benthamii DC.,http://envis.frlht.org/distrimaps/geomaps/225.jpg
Madhuca indica GMEL.,http://envis.frlht.org/distrimaps/geomaps/1360.jpg
Malaxis acuminata D.DON,http://envis.frlht.org/distrimaps/geomaps/7559.jpg
Malaxis biloba (LINDL.) AMES,http://envis.frlht.org/distrimaps/geomaps/7559.jpg
Malaxis muscifera (LINDLEY) KUNTZE,http://envis.frlht.org/distrimaps/geomaps/1369.jpg
Mallotus philippensis (LAM.) MUELL.-ARG.,http://envis.frlht.org/distrimaps/geomaps/1370.jpg
Mammea longifolia PLANCH. & TRIANA.,http://envis.frlht.org/distrimaps/geomaps/2470.jpg
Mammea suriga (BUCH.-HAM. EX ROXB.),http://envis.frlht.org/distrimaps/geomaps/2470.jpg
Mangifera sylvatica ROXB.,http://envis.frlht.org/distrimaps/geomaps/1380.jpg
Marsdenia roylei WIGHT,http://envis.frlht.org/distrimaps/geomaps/1386.jpg
Marsdenia tenacissima (ROXB.) MOON,http://envis.frlht.org/distrimaps/geomaps/1387.jpg
Marsilea quadrifolia L.,http://envis.frlht.org/distrimaps/geomaps/1390.jpg
Martnia diandra GLOX.,http://envis.frlht.org/distrimaps/geomaps/1391.jpg
Martynia annua L.,http://envis.frlht.org/distrimaps/geomaps/1391.jpg
Martynia diandra GLOX.,http://envis.frlht.org/distrimaps/geomaps/1391.jpg
Melastoma malabathricum L.,http://envis.frlht.org/distrimaps/geomaps/1397.jpg
Melia azadirachta L.,http://envis.frlht.org/distrimaps/geomaps/266.jpg
Melia azedarach L.,http://envis.frlht.org/distrimaps/geomaps/1398.jpg
Melothria maderaspatana (L.) COGN.,http://envis.frlht.org/distrimaps/geomaps/1474.jpg
Memecylon angustifolium WIGHT,http://envis.frlht.org/distrimaps/geomaps/1408.jpg
Memecylon edule ROXB.,http://envis.frlht.org/distrimaps/geomaps/1410.jpg
Menispermum cocculus L.,http://envis.frlht.org/distrimaps/geomaps/174.jpg
Menispermum cordifolium WILLD.,http://envis.frlht.org/distrimaps/geomaps/2086.jpg
Mentha longifolia (L.) HUDS.,http://envis.frlht.org/distrimaps/geomaps/1414.jpg
Merremia emarginata (BURM.F.) HALL.F.,http://envis.frlht.org/distrimaps/geomaps/1419.jpg
Merremia gangetica (L.) CUFO.,http://envis.frlht.org/distrimaps/geomaps/1419.jpg
Merremia hastata (DESR. ) HALLIER. F.,http://envis.frlht.org/distrimaps/geomaps/1213.jpg
Merremia tridentata (L.) HAILLIER Subsp. tridentata -,http://envis.frlht.org/distrimaps/geomaps/1213.jpg
Merremia tridentata (L.) HALL. F. Subsp. hastata (DESR.) OOST.,http://envis.frlht.org/distrimaps/geomaps/1213.jpg
Merremia tridentata (L.)H. HALL.,http://envis.frlht.org/distrimaps/geomaps/1213.jpg
Merremia turpethum RENDLE,http://envis.frlht.org/distrimaps/geomaps/1553.jpg
Mesua ferrea L.,http://envis.frlht.org/distrimaps/geomaps/1424.jpg
Mesua nagassarium (BURM.F.) KOSTERM.,http://envis.frlht.org/distrimaps/geomaps/1424.jpg
Meyna laxiflora ROBYNS,http://envis.frlht.org/distrimaps/geomaps/1425.jpg
Microstylis muscifera RIDL.,http://envis.frlht.org/distrimaps/geomaps/1369.jpg
Microstylis wallichii LINDL.,http://envis.frlht.org/distrimaps/geomaps/7559.jpg
Mimosa abstergens ROXB.,http://envis.frlht.org/distrimaps/geomaps/36.jpg
Mimosa amara ROXB.,http://envis.frlht.org/distrimaps/geomaps/93.jpg
Mimosa cineraria L.,http://envis.frlht.org/distrimaps/geomaps/1735.jpg
Mimosa pudica L.,http://envis.frlht.org/distrimaps/geomaps/1432.jpg
Mimusops elengi L.,http://envis.frlht.org/distrimaps/geomaps/1438.jpg
Modecca palmata LAM.,http://envis.frlht.org/distrimaps/geomaps/57.jpg
Moghania macrophylla KUNTZE,http://envis.frlht.org/distrimaps/geomaps/1006.jpg
Mollugo cerviana SER.,http://envis.frlht.org/distrimaps/geomaps/1444.jpg
Mollugo hirta THUNB.,http://envis.frlht.org/distrimaps/geomaps/1049.jpg
Mollugo lotoides (L.) O. KUNTZE,http://envis.frlht.org/distrimaps/geomaps/1049.jpg
Mollugo oppositifolia L.,http://envis.frlht.org/distrimaps/geomaps/1050.jpg
Mollugo spergula L.,http://envis.frlht.org/distrimaps/geomaps/1050.jpg
Momordica dioica ROXB. EX WILLD.,http://envis.frlht.org/distrimaps/geomaps/1453.jpg
Monetia barlerioides L HERIT.,http://envis.frlht.org/distrimaps/geomaps/267.jpg
Moniera cuneate -,http://envis.frlht.org/distrimaps/geomaps/269.jpg
Moniera cuneifolia MICHX.,http://envis.frlht.org/distrimaps/geomaps/269.jpg
Monochoria hastaefolia PRESL.,http://envis.frlht.org/distrimaps/geomaps/2644.jpg
Monochoria hastata SOLMS,http://envis.frlht.org/distrimaps/geomaps/2644.jpg
Monochoria vaginalis PRESL.,http://envis.frlht.org/distrimaps/geomaps/1459.jpg
Morinda citrifolia L.,http://envis.frlht.org/distrimaps/geomaps/1460.jpg
Morinda coreia BUCH.-HAM.,http://envis.frlht.org/distrimaps/geomaps/1461.jpg
Morinda pubescens J.E.SMITH IN REES Var. pubescens VERDC.,http://envis.frlht.org/distrimaps/geomaps/1461.jpg
Morinda pubescens SM.,http://envis.frlht.org/distrimaps/geomaps/1461.jpg
Morinda tinctoria ROXB. Var. tomentosa (ROTH) HK.F.,http://envis.frlht.org/distrimaps/geomaps/1461.jpg
Morinda tomentosa HEYNE EX ROTH,http://envis.frlht.org/distrimaps/geomaps/1461.jpg
Moringa concanensis NIMMO EX DALZ. & GIBSON,http://envis.frlht.org/distrimaps/geomaps/1464.jpg
Moringa conconensis NIMMO.,http://envis.frlht.org/distrimaps/geomaps/1464.jpg
Mucuna pruriens (L.) DC.,http://envis.frlht.org/distrimaps/geomaps/1471.jpg
Mucuna prurita HOOK.,http://envis.frlht.org/distrimaps/geomaps/1471.jpg
Mukia maderaspatana (L.) M.ROEMER,http://envis.frlht.org/distrimaps/geomaps/1474.jpg
Mukia scabrella (L..F.) ARN.,http://envis.frlht.org/distrimaps/geomaps/1474.jpg
Mussaenda frondosa L.,http://envis.frlht.org/distrimaps/geomaps/1483.jpg
Myrica esculenta BUCH.-HAM.,http://envis.frlht.org/distrimaps/geomaps/1485.jpg
Myrica sapida WALL.,http://envis.frlht.org/distrimaps/geomaps/1485.jpg
Myristica dactyloides GAERTN.,http://envis.frlht.org/distrimaps/geomaps/1489.jpg
Myristica malabarica LAM.,http://envis.frlht.org/distrimaps/geomaps/1492.jpg
Myrsine africana L.,http://envis.frlht.org/distrimaps/geomaps/1494.jpg
Myrtus caryophyllata L.,http://envis.frlht.org/distrimaps/geomaps/2025.jpg
Myxopyrum serratulum A.W. HILL.,http://envis.frlht.org/distrimaps/geomaps/1495.jpg
Nardostachys grandiflora DC.,http://envis.frlht.org/distrimaps/geomaps/1498.jpg
Nardostachys jatamansi DC.,http://envis.frlht.org/distrimaps/geomaps/1498.jpg
Naregamia alata WIGHT & ARN.,http://envis.frlht.org/distrimaps/geomaps/1501.jpg
Naringi crenulata (ROXB.) NICOLSON,http://envis.frlht.org/distrimaps/geomaps/1502.jpg
Nelumbium speciosum WILLD.,http://envis.frlht.org/distrimaps/geomaps/1504.jpg
Nelumbo nucifera GAERTN.,http://envis.frlht.org/distrimaps/geomaps/1504.jpg
Nepeta malabarica L.,http://envis.frlht.org/distrimaps/geomaps/190.jpg
Nerium antidysentericum L.,http://envis.frlht.org/distrimaps/geomaps/1140.jpg
Nerium indicum MILLER,http://envis.frlht.org/distrimaps/geomaps/1506.jpg
Nerium odorum SOLANED,http://envis.frlht.org/distrimaps/geomaps/1506.jpg
Nerium oleander L.,http://envis.frlht.org/distrimaps/geomaps/1506.jpg
Nervilia aragoana GAUD.,http://envis.frlht.org/distrimaps/geomaps/1510.jpg
Nervilia plicata SCHLTR,http://envis.frlht.org/distrimaps/geomaps/1511.jpg
Nilgirianthus ciliatus (NEES) BREMEK.,http://envis.frlht.org/distrimaps/geomaps/1515.jpg
Nymphaea alba L.,http://envis.frlht.org/distrimaps/geomaps/1518.jpg
Nymphaea lotus HOOK. F.( NON L).,http://envis.frlht.org/distrimaps/geomaps/1520.jpg
Nymphaea nouchali BURM. F.,http://envis.frlht.org/distrimaps/geomaps/1520.jpg
Nymphaea pubescens WILLD.,http://envis.frlht.org/distrimaps/geomaps/1520.jpg
Nymphaea rubra ROXB. EX ANDREWS,http://envis.frlht.org/distrimaps/geomaps/1520.jpg
Nymphoides macrospermum VASUDEVAN,http://envis.frlht.org/distrimaps/geomaps/1531.jpg
Ochrocarpus longifolius (WIGHT) T.ANDERSON,http://envis.frlht.org/distrimaps/geomaps/2470.jpg
Ocimum album L.,http://envis.frlht.org/distrimaps/geomaps/1535.jpg
Ocimum americanum L.,http://envis.frlht.org/distrimaps/geomaps/1533.jpg
Ocimum basilicum L.,http://envis.frlht.org/distrimaps/geomaps/1535.jpg
Ocimum basilicum L. Var. basilicum -,http://envis.frlht.org/distrimaps/geomaps/1535.jpg
Ocimum canum SIMS.,http://envis.frlht.org/distrimaps/geomaps/1533.jpg
Ocimum caryophyllatum SCHWEIG EX. SCHRAUK,http://envis.frlht.org/distrimaps/geomaps/1535.jpg
Ocimum pilosum WILLD.,http://envis.frlht.org/distrimaps/geomaps/1535.jpg
Odina wodier ROXB.,http://envis.frlht.org/distrimaps/geomaps/1281.jpg
Oldenlandia corymbosa L.,http://envis.frlht.org/distrimaps/geomaps/1107.jpg
Oldenlandia herbacea (L.) ROXB.,http://envis.frlht.org/distrimaps/geomaps/1110.jpg
Oldenlandia heynii BR. EX. G. DON,http://envis.frlht.org/distrimaps/geomaps/1110.jpg
Oldenlandia umbellata L.,http://envis.frlht.org/distrimaps/geomaps/1112.jpg
Onosma bracteatum WALL.,http://envis.frlht.org/distrimaps/geomaps/1549.jpg
Operculina turpethum (L.) S. MANSO,http://envis.frlht.org/distrimaps/geomaps/1553.jpg
Ophelia angustifolia D.DON,http://envis.frlht.org/distrimaps/geomaps/2003.jpg
Ophioxylon serpentinum L.,http://envis.frlht.org/distrimaps/geomaps/1787.jpg
Orchis latifolia L.,http://envis.frlht.org/distrimaps/geomaps/3511.jpg
Origanum vulgare L.,http://envis.frlht.org/distrimaps/geomaps/1564.jpg
Oroxylum indicum (L.) VENT.,http://envis.frlht.org/distrimaps/geomaps/1567.jpg
Orthosiphon glabratus BENTH.,http://envis.frlht.org/distrimaps/geomaps/1569.jpg
Orthosiphon thymiflorus (ROTH.) SLEASEN,http://envis.frlht.org/distrimaps/geomaps/1569.jpg
Oxalis corniculata L.,http://envis.frlht.org/distrimaps/geomaps/1576.jpg
Paederia foetida L.,http://envis.frlht.org/distrimaps/geomaps/1580.jpg
Paeonia emodi WALL. EX. ROYLE,http://envis.frlht.org/distrimaps/geomaps/1581.jpg
Pandanus fascicularis LAM.,http://envis.frlht.org/distrimaps/geomaps/1583.jpg
Pandanus odoratissimus L.F.,http://envis.frlht.org/distrimaps/geomaps/1583.jpg
Pandanus tectorius AUCT. NON SOLAND,http://envis.frlht.org/distrimaps/geomaps/1583.jpg
Paris polyphylla SMITH,http://envis.frlht.org/distrimaps/geomaps/1596.jpg
Passiflora foetida L.,http://envis.frlht.org/distrimaps/geomaps/1601.jpg
Pavonia odorata WILLD.,http://envis.frlht.org/distrimaps/geomaps/1605.jpg
Pavonia zeylanica CAV.,http://envis.frlht.org/distrimaps/geomaps/1606.jpg
Pedalium murex L.,http://envis.frlht.org/distrimaps/geomaps/1607.jpg
Peganum harmala L.,http://envis.frlht.org/distrimaps/geomaps/1608.jpg
Pentatropis nivalis (GMEL.) FIELD & WOOD.,http://envis.frlht.org/distrimaps/geomaps/1614.jpg
Pentatropis spiralis DECNE.,http://envis.frlht.org/distrimaps/geomaps/1614.jpg
Pergularia aktensa -,http://envis.frlht.org/distrimaps/geomaps/1617.jpg
Pergularia daemia (FORSK.) CHOIV.,http://envis.frlht.org/distrimaps/geomaps/1617.jpg
Pergularia extensa N.E.BR.,http://envis.frlht.org/distrimaps/geomaps/1617.jpg
Periploca aphylla DECNE.,http://envis.frlht.org/distrimaps/geomaps/1620.jpg
Periploca indica L.,http://envis.frlht.org/distrimaps/geomaps/1125.jpg
Periploca sylvestris RETZ.,http://envis.frlht.org/distrimaps/geomaps/1085.jpg
Peristrophe bicalyculata NEES,http://envis.frlht.org/distrimaps/geomaps/1621.jpg
Peristrophe paniculata (FORSK.) BRUMMITT,http://envis.frlht.org/distrimaps/geomaps/1621.jpg
Peucedanum grande CL.,http://envis.frlht.org/distrimaps/geomaps/1623.jpg
Pharbitis nil CHOIS.,http://envis.frlht.org/distrimaps/geomaps/1202.jpg
Pharnaceum cerviana L.,http://envis.frlht.org/distrimaps/geomaps/1444.jpg
Pharnaceum mollugo L.,http://envis.frlht.org/distrimaps/geomaps/1050.jpg
Phaseolus dalzellii COOKE,http://envis.frlht.org/distrimaps/geomaps/2190.jpg
Phaseolus pauciflorus DALZ.,http://envis.frlht.org/distrimaps/geomaps/2190.jpg
Phoenix pusilla GAERTN.,http://envis.frlht.org/distrimaps/geomaps/1633.jpg
Phyla nodiflora (L.) GREENE,http://envis.frlht.org/distrimaps/geomaps/1639.jpg
Phyllanthus amarus SCHUM. & THENN.,http://envis.frlht.org/distrimaps/geomaps/1645.jpg
Phyllanthus emblica L.,http://envis.frlht.org/distrimaps/geomaps/892.jpg
Phyllanthus fraternus WEBSTER,http://envis.frlht.org/distrimaps/geomaps/1645.jpg
Phyllanthus maderaspatensis L.,http://envis.frlht.org/distrimaps/geomaps/1648.jpg
Phyllanthus multiflorus WILLD.,http://envis.frlht.org/distrimaps/geomaps/1649.jpg
Phyllanthus niruri SENSU HOOK.F.Non Linn.,http://envis.frlht.org/distrimaps/geomaps/1645.jpg
Phyllanthus reticulatus POIR.,http://envis.frlht.org/distrimaps/geomaps/1649.jpg
Phyllanthus urinaria L.,http://envis.frlht.org/distrimaps/geomaps/1651.jpg
Physalis indica LAM.,http://envis.frlht.org/distrimaps/geomaps/1654.jpg
Physalis minima L.,http://envis.frlht.org/distrimaps/geomaps/1654.jpg
Picarasma guassioides -,http://envis.frlht.org/distrimaps/geomaps/1656.jpg
Picrasma quassioides BENNET,http://envis.frlht.org/distrimaps/geomaps/1656.jpg
Picrorhiza kurroa ROYLE EX BENTH.,http://envis.frlht.org/distrimaps/geomaps/1658.jpg
Picrorhiza scrophulariiflora PENNELL,http://envis.frlht.org/distrimaps/geomaps/1657.jpg
Picrorrhiza kurrooa BENTH.,http://envis.frlht.org/distrimaps/geomaps/1658.jpg
Piliostigma malabaricum (ROXB.) BENTH.,http://envis.frlht.org/distrimaps/geomaps/301.jpg
Pinus deodara ROXB.,http://envis.frlht.org/distrimaps/geomaps/485.jpg
Pinus gerardiana WALL.,http://envis.frlht.org/distrimaps/geomaps/1662.jpg
Pinus longifolia ROXB.,http://envis.frlht.org/distrimaps/geomaps/1663.jpg
Pinus roxburghii SARG.,http://envis.frlht.org/distrimaps/geomaps/1663.jpg
Pinus webbiana WALL. EX. LAMB.,http://envis.frlht.org/distrimaps/geomaps/10.jpg
Piper aurantiacum WALL.,http://envis.frlht.org/distrimaps/geomaps/1682.jpg
Piper auranticum -,http://envis.frlht.org/distrimaps/geomaps/1682.jpg
Piper bachystachyum WALL.,http://envis.frlht.org/distrimaps/geomaps/1676.jpg
Piper longum L.,http://envis.frlht.org/distrimaps/geomaps/1674.jpg
Piper mullesua D.DON,http://envis.frlht.org/distrimaps/geomaps/1676.jpg
Piper sylvaticum ROXB.,http://envis.frlht.org/distrimaps/geomaps/1681.jpg
Piper wallichii (MIQ.) HAND-MAZZ,http://envis.frlht.org/distrimaps/geomaps/1682.jpg
Pistacia chinensis BUNGE Subsp. integerrima (STEW) RECH.F.,http://envis.frlht.org/distrimaps/geomaps/1686.jpg
Pistacia integerrima STEW. EX BRANDIS,http://envis.frlht.org/distrimaps/geomaps/1686.jpg
Pistacia khinjuk STOCKS.,http://envis.frlht.org/distrimaps/geomaps/1686.jpg
Plantago erosa WALL. IN ROXB.,http://envis.frlht.org/distrimaps/geomaps/1696.jpg
Plantago lanceolata L.,http://envis.frlht.org/distrimaps/geomaps/1695.jpg
Plantago major L.,http://envis.frlht.org/distrimaps/geomaps/1696.jpg
Plantago media L.,http://envis.frlht.org/distrimaps/geomaps/1696.jpg
Plantago ovata FORSK.,http://envis.frlht.org/distrimaps/geomaps/1697.jpg
Pluchea lanceolata OLIVER & HIERN.,http://envis.frlht.org/distrimaps/geomaps/1704.jpg
Plumbago zeylanica L.,http://envis.frlht.org/distrimaps/geomaps/1709.jpg
Poa cynosuroides RETZ.,http://envis.frlht.org/distrimaps/geomaps/801.jpg
Podophyllum emodi WALL.,http://envis.frlht.org/distrimaps/geomaps/1713.jpg
Podophyllum hexandrum ROYLE,http://envis.frlht.org/distrimaps/geomaps/1713.jpg
Pogostemon heyneanus BENTH.,http://envis.frlht.org/distrimaps/geomaps/1716.jpg
Poinciana elata L.,http://envis.frlht.org/distrimaps/geomaps/772.jpg
Polanisia felina DC.,http://envis.frlht.org/distrimaps/geomaps/577.jpg
Polanisia icosandra WIGHT & ARN.,http://envis.frlht.org/distrimaps/geomaps/579.jpg
Polygonatum cirrhifolium ROYLE,http://envis.frlht.org/distrimaps/geomaps/1720.jpg
Polygonatum verticillatum (L.) ALL.,http://envis.frlht.org/distrimaps/geomaps/1721.jpg
Polygonum aviculare L.,http://envis.frlht.org/distrimaps/geomaps/1722.jpg
Pongamia glabra VENT.,http://envis.frlht.org/distrimaps/geomaps/788.jpg
Pongamia pinnata (L.) PIERRE,http://envis.frlht.org/distrimaps/geomaps/788.jpg
Pontederia vaginalis BLANCO,http://envis.frlht.org/distrimaps/geomaps/2644.jpg
Portulaca oleracea L.,http://envis.frlht.org/distrimaps/geomaps/1725.jpg
Potentilla nepalensis HOOK.,http://envis.frlht.org/distrimaps/geomaps/1727.jpg
Pothos officinalis ROXB.,http://envis.frlht.org/distrimaps/geomaps/1877.jpg
Prangos pabularia LINDL.,http://envis.frlht.org/distrimaps/geomaps/382.jpg
Premna integrifolia L.,http://envis.frlht.org/distrimaps/geomaps/1730.jpg
Premna latifolia ROXB. Var. mucronata C.B. CLARKE,http://envis.frlht.org/distrimaps/geomaps/1734.jpg
Premna mucronata ROXB.,http://envis.frlht.org/distrimaps/geomaps/1734.jpg
Premna obtusifolia R. BR.,http://envis.frlht.org/distrimaps/geomaps/1730.jpg
Premna serratifolia L.,http://envis.frlht.org/distrimaps/geomaps/1730.jpg
Premna spinosa ROXB.,http://envis.frlht.org/distrimaps/geomaps/1730.jpg
Prosopis cineraria (L.) DRUCE,http://envis.frlht.org/distrimaps/geomaps/1735.jpg
Prosopis spicigera L.,http://envis.frlht.org/distrimaps/geomaps/1735.jpg
Prunus cerasoides D.DON,http://envis.frlht.org/distrimaps/geomaps/1747.jpg
Prunus puddum (WALL.) ROXB. EX BRANDIS,http://envis.frlht.org/distrimaps/geomaps/1747.jpg
Pseudarthria viscida WIGHT & ARN.,http://envis.frlht.org/distrimaps/geomaps/1755.jpg
Psoralea corylifolia L.,http://envis.frlht.org/distrimaps/geomaps/1761.jpg
Pterocarpus marsupium ROXB.,http://envis.frlht.org/distrimaps/geomaps/1763.jpg
Pterocarpus santalinus L.F.,http://envis.frlht.org/distrimaps/geomaps/1764.jpg
Pterospermum canescens ROXB.,http://envis.frlht.org/distrimaps/geomaps/1767.jpg
Pterospermum suberifolium (L.) LAM.,http://envis.frlht.org/distrimaps/geomaps/1767.jpg
Pueraria tuberosa (ROXB. EX. WILLD.) DC.,http://envis.frlht.org/distrimaps/geomaps/1770.jpg
Puneeria coagulans STOCKS.,http://envis.frlht.org/distrimaps/geomaps/2229.jpg
Punica granatum L.,http://envis.frlht.org/distrimaps/geomaps/1771.jpg
Quassia indica (GAERTN.) NOOTEBOOM,http://envis.frlht.org/distrimaps/geomaps/2854.jpg
Quercus incana ROXB.,http://envis.frlht.org/distrimaps/geomaps/1778.jpg
Quercus leucotrichophora A. CAMUS,http://envis.frlht.org/distrimaps/geomaps/1778.jpg
Radermachera xylocarpa (ROXB.) SCHUM.,http://envis.frlht.org/distrimaps/geomaps/1780.jpg
Randia dumetorum LAM.,http://envis.frlht.org/distrimaps/geomaps/477.jpg
Randia longispina DC.,http://envis.frlht.org/distrimaps/geomaps/477.jpg
Randia spinosa POIR.,http://envis.frlht.org/distrimaps/geomaps/477.jpg
Ranunculus sceleratus L.,http://envis.frlht.org/distrimaps/geomaps/1785.jpg
Rauvolfia serpentina (L.) BENTH. EX KURZ,http://envis.frlht.org/distrimaps/geomaps/1787.jpg
Rhabdia lycioides SENU CL.,http://envis.frlht.org/distrimaps/geomaps/1814.jpg
Rhaphidophora laciniata (BURM.F.) MERR.,http://envis.frlht.org/distrimaps/geomaps/2574.jpg
Rhaphidophora pertusa SCHOTT,http://envis.frlht.org/distrimaps/geomaps/2574.jpg
Rheum australe D.DON,http://envis.frlht.org/distrimaps/geomaps/1792.jpg
Rheum emodi WALL. EX MEIM,http://envis.frlht.org/distrimaps/geomaps/1792.jpg
Rheum moorcroftianum ROYLE,http://envis.frlht.org/distrimaps/geomaps/1794.jpg
Rheum nobile HOOK.F. & THOMS,http://envis.frlht.org/distrimaps/geomaps/1795.jpg
Rheum spiciforeme ROYLE,http://envis.frlht.org/distrimaps/geomaps/1799.jpg
Rheum spiciforme ROYLE,http://envis.frlht.org/distrimaps/geomaps/1799.jpg
Rheum webbianum ROYLE,http://envis.frlht.org/distrimaps/geomaps/1800.jpg
Rhododendron anthopogon D.DON,http://envis.frlht.org/distrimaps/geomaps/1803.jpg
Rhododendron arboreum SM.,http://envis.frlht.org/distrimaps/geomaps/1804.jpg
Rhus succedanea L.,http://envis.frlht.org/distrimaps/geomaps/1806.jpg
Rosa brunonii LINDL.,http://envis.frlht.org/distrimaps/geomaps/4528.jpg
Rosa moschata HERRM.,http://envis.frlht.org/distrimaps/geomaps/4528.jpg
Rotula aquatica LOUR.,http://envis.frlht.org/distrimaps/geomaps/1814.jpg
Saccharum munja ROXB.,http://envis.frlht.org/distrimaps/geomaps/1831.jpg
Saccharum sara ROXB.,http://envis.frlht.org/distrimaps/geomaps/1831.jpg
Saccharum spontaneum L.,http://envis.frlht.org/distrimaps/geomaps/1834.jpg
Saccolabium papillosum LINDL.,http://envis.frlht.org/distrimaps/geomaps/40.jpg
Salacia chinensis L.,http://envis.frlht.org/distrimaps/geomaps/1835.jpg
Salacia reticulata WIGHT,http://envis.frlht.org/distrimaps/geomaps/1836.jpg
Salix tetrasperma ROXB.,http://envis.frlht.org/distrimaps/geomaps/1838.jpg
Salmalia malabarica SCHOTT & ENDL.,http://envis.frlht.org/distrimaps/geomaps/339.jpg
Salvadora oleoides DECNE,http://envis.frlht.org/distrimaps/geomaps/1839.jpg
Salvadora persica L.,http://envis.frlht.org/distrimaps/geomaps/1841.jpg
Salvadora persica L. Var. wightiana (PLANCH EX THW.) VERDC.,http://envis.frlht.org/distrimaps/geomaps/1841.jpg
Salvia aegyptiaca L.,http://envis.frlht.org/distrimaps/geomaps/1842.jpg
Salvia plebeia R.BR.,http://envis.frlht.org/distrimaps/geomaps/1843.jpg
Samadera indica GAERTN.,http://envis.frlht.org/distrimaps/geomaps/2854.jpg
Samadera lucida WALL.,http://envis.frlht.org/distrimaps/geomaps/2854.jpg
Santalum album L.,http://envis.frlht.org/distrimaps/geomaps/1849.jpg
Sapindus emarginatus VAHL.,http://envis.frlht.org/distrimaps/geomaps/1851.jpg
Sapindus mukorossi GAERTN.,http://envis.frlht.org/distrimaps/geomaps/1854.jpg
Saraca asoca (ROXB.) DE WILDE,http://envis.frlht.org/distrimaps/geomaps/1857.jpg
Saraca indica AUCT. NON L.,http://envis.frlht.org/distrimaps/geomaps/1857.jpg
Saussurea auriculata (DC.) SCH.,http://envis.frlht.org/distrimaps/geomaps/1867.jpg
Saussurea costus (FALC.) LIPSCH.,http://envis.frlht.org/distrimaps/geomaps/3970.jpg
Saussurea lappa C.B.CL.,http://envis.frlht.org/distrimaps/geomaps/3970.jpg
Saxifraga ligulata WALL.,http://envis.frlht.org/distrimaps/geomaps/313.jpg
Schizachyrium exile STAPF.,http://envis.frlht.org/distrimaps/geomaps/1871.jpg
Schleichera oleosa (LOUR.) OKEN,http://envis.frlht.org/distrimaps/geomaps/1872.jpg
Schleichera trijuga WILLD.,http://envis.frlht.org/distrimaps/geomaps/1872.jpg
Schlerichera trijuga WILLD.,http://envis.frlht.org/distrimaps/geomaps/1872.jpg
Schrebera swietenioides ROXB.,http://envis.frlht.org/distrimaps/geomaps/1873.jpg
Schweinfurthia papilionacea MERRILL,http://envis.frlht.org/distrimaps/geomaps/4559.jpg
Schweinfurthia sphaerocarpa A.BR.,http://envis.frlht.org/distrimaps/geomaps/4559.jpg
Scindapsus officinalis SCHOTT.,http://envis.frlht.org/distrimaps/geomaps/1877.jpg
Scolopia aculeata SM.,http://envis.frlht.org/distrimaps/geomaps/2092.jpg
Securinega leucopyrus (WILLD.) MUELL.-ARG.,http://envis.frlht.org/distrimaps/geomaps/1883.jpg
Selinum candollei DC.,http://envis.frlht.org/distrimaps/geomaps/1886.jpg
Selinum tenuifolium WALL. EX DC.,http://envis.frlht.org/distrimaps/geomaps/1886.jpg
Semecarpus anacardium L. F.,http://envis.frlht.org/distrimaps/geomaps/1888.jpg
Seseli diffusum (ROXB. EX. SM.) SAMT,http://envis.frlht.org/distrimaps/geomaps/1903.jpg
Seseli indicum WIGHT & ARN.,http://envis.frlht.org/distrimaps/geomaps/1903.jpg
Shorea robusta GAERTN. F.,http://envis.frlht.org/distrimaps/geomaps/1908.jpg
Sida acuta BURM. F.,http://envis.frlht.org/distrimaps/geomaps/1909.jpg
Sida carpinifolia L.,http://envis.frlht.org/distrimaps/geomaps/1909.jpg
Sida cordifolia L.,http://envis.frlht.org/distrimaps/geomaps/1915.jpg
Sida lanceolata ROXB.,http://envis.frlht.org/distrimaps/geomaps/1909.jpg
Sida mauritiana JACQ.,http://envis.frlht.org/distrimaps/geomaps/18.jpg
Sida rhombifolia L.,http://envis.frlht.org/distrimaps/geomaps/1918.jpg
Sida rhombifolia L. Subsp. rhombifolia -,http://envis.frlht.org/distrimaps/geomaps/1918.jpg
Sideroxylon spinosum WILLD.,http://envis.frlht.org/distrimaps/geomaps/1000.jpg
Sisymbrium irio L.,http://envis.frlht.org/distrimaps/geomaps/1928.jpg
Smilax aspera L.,http://envis.frlht.org/distrimaps/geomaps/1929.jpg
Smilax lanceifolia ROXB.,http://envis.frlht.org/distrimaps/geomaps/1932.jpg
Smilax zeylanica L.,http://envis.frlht.org/distrimaps/geomaps/1934.jpg
Solanum americanum MILL.,http://envis.frlht.org/distrimaps/geomaps/1952.jpg
Solanum anguivi LAM.,http://envis.frlht.org/distrimaps/geomaps/1938.jpg
Solanum indicum L.,http://envis.frlht.org/distrimaps/geomaps/1938.jpg
Solanum jacquini WILLD.,http://envis.frlht.org/distrimaps/geomaps/1960.jpg
Solanum nigrum L.,http://envis.frlht.org/distrimaps/geomaps/1952.jpg
Solanum sarmentosum NEES,http://envis.frlht.org/distrimaps/geomaps/1960.jpg
Solanum surattense BURM. F.,http://envis.frlht.org/distrimaps/geomaps/1960.jpg
Solanum trilobatum L.,http://envis.frlht.org/distrimaps/geomaps/1957.jpg
Solanum violaceum ORTEGA,http://envis.frlht.org/distrimaps/geomaps/1938.jpg
Solanum virginianum L.,http://envis.frlht.org/distrimaps/geomaps/1960.jpg
Solanum xanthocarpum SCHRAD & WENDL,http://envis.frlht.org/distrimaps/geomaps/1960.jpg
Soymida febrifuga (ROXB.) A.JUSS.,http://envis.frlht.org/distrimaps/geomaps/1964.jpg
Spermacoce articularis L.F.,http://envis.frlht.org/distrimaps/geomaps/4536.jpg
Spermacoce hispida L.,http://envis.frlht.org/distrimaps/geomaps/1967.jpg
Sphaeranthus africanus L.,http://envis.frlht.org/distrimaps/geomaps/1968.jpg
Sphaeranthus microcephalus DC.,http://envis.frlht.org/distrimaps/geomaps/1968.jpg
Sphaeranthus senegalensis DC.,http://envis.frlht.org/distrimaps/geomaps/2898.jpg
Spondias acuminata ROXB.,http://envis.frlht.org/distrimaps/geomaps/1976.jpg
Spondias mangifera WILLD.,http://envis.frlht.org/distrimaps/geomaps/1976.jpg
Spondias pinnata (L.F.) KURZ.,http://envis.frlht.org/distrimaps/geomaps/1976.jpg
Stephania glabra (THUNB.) MIERS.,http://envis.frlht.org/distrimaps/geomaps/1977.jpg
Sterculia foetida L.,http://envis.frlht.org/distrimaps/geomaps/1983.jpg
Sterculia urens ROXB.,http://envis.frlht.org/distrimaps/geomaps/1982.jpg
Stereospermum chelonoides (L.F.) DC.,http://envis.frlht.org/distrimaps/geomaps/1984.jpg
Stereospermum colais (DILLWYN) MABB.,http://envis.frlht.org/distrimaps/geomaps/1987.jpg
Stereospermum personatum (HASSK.) CHATTERJEE,http://envis.frlht.org/distrimaps/geomaps/1987.jpg
Stereospermum suaveolens DC.,http://envis.frlht.org/distrimaps/geomaps/1984.jpg
Stereospermum tetragonum DC.,http://envis.frlht.org/distrimaps/geomaps/1987.jpg
Stereospermum xylocarpum WIGHT.,http://envis.frlht.org/distrimaps/geomaps/1780.jpg
Streblus asper LOUR.,http://envis.frlht.org/distrimaps/geomaps/1989.jpg
Strobilanthes ciliatus NEES,http://envis.frlht.org/distrimaps/geomaps/1515.jpg
Strychnos colubrina AUCTT. PL.,http://envis.frlht.org/distrimaps/geomaps/1994.jpg
Strychnos minor DENNST.,http://envis.frlht.org/distrimaps/geomaps/1993.jpg
Strychnos nux-vomica L.,http://envis.frlht.org/distrimaps/geomaps/1995.jpg
Strychnos potatorum L.,http://envis.frlht.org/distrimaps/geomaps/1996.jpg
Stylocoryne lucens GAMBLE,http://envis.frlht.org/distrimaps/geomaps/1997.jpg
Swertia alata ROYLE EX. D.DON,http://envis.frlht.org/distrimaps/geomaps/2002.jpg
Swertia anguestifolia BUCH.-HAM. EX D. DON. Var. PULCHELLA BURKILL,http://envis.frlht.org/distrimaps/geomaps/2003.jpg
Swertia angustifolia HAM.,http://envis.frlht.org/distrimaps/geomaps/2003.jpg
Swertia lawii BURKILL,http://envis.frlht.org/distrimaps/geomaps/2012.jpg
Swertia pulchella C.B. CLARKE,http://envis.frlht.org/distrimaps/geomaps/2003.jpg
Swietenia febrifuga ROXB.,http://envis.frlht.org/distrimaps/geomaps/1964.jpg
Symplocos beddomei C.B.CLARKE,http://envis.frlht.org/distrimaps/geomaps/2020.jpg
Symplocos cochinchinensis S.MOORE,http://envis.frlht.org/distrimaps/geomaps/2017.jpg
Symplocos cochinchinensis S.MOORE Subsp. laurina (RETZ.) NOOTEBOOM Var. laurina -,http://envis.frlht.org/distrimaps/geomaps/2015.jpg
Symplocos crataegoides BUCH.-HAM. EX.DON,http://envis.frlht.org/distrimaps/geomaps/2018.jpg
Symplocos paniculata (THUNB.) MIQ.,http://envis.frlht.org/distrimaps/geomaps/2018.jpg
Symplocos racemosa ROXB.,http://envis.frlht.org/distrimaps/geomaps/2020.jpg
Symplocos spicata ROXB.,http://envis.frlht.org/distrimaps/geomaps/2015.jpg
Synantherias sylvatica SCHOTT,http://envis.frlht.org/distrimaps/geomaps/4158.jpg
Syzygium caryophyllaeum AUCT.NON GAERTN.,http://envis.frlht.org/distrimaps/geomaps/2025.jpg
Syzygium caryophyllatum (L.) ALSTON,http://envis.frlht.org/distrimaps/geomaps/2025.jpg
Syzygium cumini (L.) SKEELS,http://envis.frlht.org/distrimaps/geomaps/2029.jpg
Syzygium jambolana DC.,http://envis.frlht.org/distrimaps/geomaps/2029.jpg
Syzygium jambolanum DC.,http://envis.frlht.org/distrimaps/geomaps/2029.jpg
Tacca aspera ROXB.,http://envis.frlht.org/distrimaps/geomaps/2039.jpg
Tacca integrifolia KER-GAWL,http://envis.frlht.org/distrimaps/geomaps/2039.jpg
Tamarix gallica AUCT. NON.L.,http://envis.frlht.org/distrimaps/geomaps/2046.jpg
Tamarix indica ROXB.,http://envis.frlht.org/distrimaps/geomaps/2046.jpg
Tamarix troupii HOLE.,http://envis.frlht.org/distrimaps/geomaps/2046.jpg
Taraktogenos kurzii KING,http://envis.frlht.org/distrimaps/geomaps/1152.jpg
Taxus baccata L. Subsp. wallichiana Zucc.,http://envis.frlht.org/distrimaps/geomaps/6368.jpg
Taxus wallichiana ZUCC.,http://envis.frlht.org/distrimaps/geomaps/6368.jpg
Tecoma undulata G.DON,http://envis.frlht.org/distrimaps/geomaps/2052.jpg
Tecomella undulata (SM.)SEEM.,http://envis.frlht.org/distrimaps/geomaps/2052.jpg
Teona ciliata ROEM.,http://envis.frlht.org/distrimaps/geomaps/484.jpg
Tephrosia hamiltonii J.R.DRUMM,http://envis.frlht.org/distrimaps/geomaps/2057.jpg
Tephrosia purpurea PERS.,http://envis.frlht.org/distrimaps/geomaps/2057.jpg
Teramnus labialis (L.F.) SPRENG.,http://envis.frlht.org/distrimaps/geomaps/2064.jpg
Terminalia alata HEYNE EX ROTH.,http://envis.frlht.org/distrimaps/geomaps/2066.jpg
Terminalia arjuna (ROXB.) WIGHT & ARN.,http://envis.frlht.org/distrimaps/geomaps/2068.jpg
Terminalia bellerica ROXB.,http://envis.frlht.org/distrimaps/geomaps/5728.jpg
Terminalia bellerica ROXB. Var. laurinoides CL.,http://envis.frlht.org/distrimaps/geomaps/5728.jpg
Terminalia bellirica (GAERTN.) ROXB.,http://envis.frlht.org/distrimaps/geomaps/5728.jpg
Terminalia chebula RETZ. & WILLD.,http://envis.frlht.org/distrimaps/geomaps/2072.jpg
Terminalia crenulata ROTH,http://envis.frlht.org/distrimaps/geomaps/2075.jpg
Terminalia myriocarpa HEURCK & MUELL-ARG.,http://envis.frlht.org/distrimaps/geomaps/2076.jpg
Terminalia paniculata ROTH,http://envis.frlht.org/distrimaps/geomaps/2077.jpg
Terminalia reticulata ROTH.,http://envis.frlht.org/distrimaps/geomaps/2072.jpg
Terminalia tomentosa (ROXB.) WIGHT. & ARN.,http://envis.frlht.org/distrimaps/geomaps/2066.jpg
Tetracera scandens (L.) MERR,http://envis.frlht.org/distrimaps/geomaps/4296.jpg
Thalictrum foliolosum DC.,http://envis.frlht.org/distrimaps/geomaps/2078.jpg
Thymus linearis BENTH.,http://envis.frlht.org/distrimaps/geomaps/2082.jpg
Thymus serpyllum L.,http://envis.frlht.org/distrimaps/geomaps/2082.jpg
Tiaridium indicum LEHM.,http://envis.frlht.org/distrimaps/geomaps/1119.jpg
Tinospora cordifolia (WILLD.) HOOK.F. & THOMS.,http://envis.frlht.org/distrimaps/geomaps/2086.jpg
Tinospora malabarica (LAM.) HOOK F. & THOMS.,http://envis.frlht.org/distrimaps/geomaps/2089.jpg
Tinospora sinensis (LOUR.) MERR.,http://envis.frlht.org/distrimaps/geomaps/2089.jpg
Tinospora tomentosa (COLEBR.) HOOK. F. & THOMS.,http://envis.frlht.org/distrimaps/geomaps/2089.jpg
Toddalia aculeata PERS.,http://envis.frlht.org/distrimaps/geomaps/2092.jpg
Toddalia asiatica (L.) LAM.,http://envis.frlht.org/distrimaps/geomaps/2092.jpg
Toddalia bilocularis W. & A.,http://envis.frlht.org/distrimaps/geomaps/2173.jpg
Toona ciliata ROEM.,http://envis.frlht.org/distrimaps/geomaps/484.jpg
Trachyspermum roxburghianum (DC.) CRAIB,http://envis.frlht.org/distrimaps/geomaps/2098.jpg
Tragia bicolor MIQ.,http://envis.frlht.org/distrimaps/geomaps/2100.jpg
Tragia involucrata L.,http://envis.frlht.org/distrimaps/geomaps/2104.jpg
Trianthema decandra L. MANT.,http://envis.frlht.org/distrimaps/geomaps/2246.jpg
Trianthema monogyna L.,http://envis.frlht.org/distrimaps/geomaps/2112.jpg
Trianthema portulacastrum L.,http://envis.frlht.org/distrimaps/geomaps/2112.jpg
Tribulus terrestris L.,http://envis.frlht.org/distrimaps/geomaps/2114.jpg
Trichilia spinosa WILLD.,http://envis.frlht.org/distrimaps/geomaps/260.jpg
Trichodesma zeylanicum R.BR.,http://envis.frlht.org/distrimaps/geomaps/2117.jpg
Tricholepis glaberrima DC.,http://envis.frlht.org/distrimaps/geomaps/2118.jpg
Trichosanthes bracteata (LAM.) VOIGT.,http://envis.frlht.org/distrimaps/geomaps/2125.jpg
Trichosanthes cordata ROXB.,http://envis.frlht.org/distrimaps/geomaps/2120.jpg
Trichosanthes cucumerina L.,http://envis.frlht.org/distrimaps/geomaps/2121.jpg
Trichosanthes laciniosa WALL.,http://envis.frlht.org/distrimaps/geomaps/2125.jpg
Trichosanthes lobata ROXB.,http://envis.frlht.org/distrimaps/geomaps/2127.jpg
Trichosanthes palmata ROXB.,http://envis.frlht.org/distrimaps/geomaps/2125.jpg
Trichosanthes tricuspidata LOUR.,http://envis.frlht.org/distrimaps/geomaps/2125.jpg
Tridax procumbens L.,http://envis.frlht.org/distrimaps/geomaps/2128.jpg
Trigonella corniculata L.,http://envis.frlht.org/distrimaps/geomaps/2131.jpg
Trophis aspera RETZ.,http://envis.frlht.org/distrimaps/geomaps/1989.jpg
Tylophora asthmatica WIGHT & ARN.,http://envis.frlht.org/distrimaps/geomaps/2141.jpg
Tylophora indica (BURM.F.) MERRILL,http://envis.frlht.org/distrimaps/geomaps/2141.jpg
Uncaria sessilifructus ROXB.,http://envis.frlht.org/distrimaps/geomaps/2150.jpg
Unona narum DUN,http://envis.frlht.org/distrimaps/geomaps/2160.jpg
Uraria hamosa WALL. EX WIGHT & ARN.,http://envis.frlht.org/distrimaps/geomaps/2155.jpg
Uraria lagopodioides DC.,http://envis.frlht.org/distrimaps/geomaps/2152.jpg
Uraria picta DESV.,http://envis.frlht.org/distrimaps/geomaps/2154.jpg
Uraria rufescens (DC.) SCHINDL.,http://envis.frlht.org/distrimaps/geomaps/2155.jpg
Urginea indica (ROXB) KUNTH.,http://envis.frlht.org/distrimaps/geomaps/856.jpg
Urtica dioica L.,http://envis.frlht.org/distrimaps/geomaps/2159.jpg
Uvaria narum (DUNAL) WALL EX WIGHT,http://envis.frlht.org/distrimaps/geomaps/2160.jpg
Valeriana hardwickii WALL.,http://envis.frlht.org/distrimaps/geomaps/2161.jpg
Valeriana jatamansi JONES,http://envis.frlht.org/distrimaps/geomaps/1500.jpg
Valeriana pyrolaefolia DENE,http://envis.frlht.org/distrimaps/geomaps/2163.jpg
Valeriana wallichii DC.,http://envis.frlht.org/distrimaps/geomaps/1500.jpg
Vanda roxburghii R.BR.,http://envis.frlht.org/distrimaps/geomaps/2168.jpg
Vanda tessellata (ROXB.) DON,http://envis.frlht.org/distrimaps/geomaps/2168.jpg
Vangueria spinosa SENSU HOOK.F.,http://envis.frlht.org/distrimaps/geomaps/1425.jpg
Vateria indica L.,http://envis.frlht.org/distrimaps/geomaps/2170.jpg
Vateria malabarica BLUME,http://envis.frlht.org/distrimaps/geomaps/2170.jpg
Ventilago madraspatana GAERTN.,http://envis.frlht.org/distrimaps/geomaps/2172.jpg
Vepris bilocularis (WIGHT & ARN.) ENGL.,http://envis.frlht.org/distrimaps/geomaps/2173.jpg
Verbena nodiflora L.,http://envis.frlht.org/distrimaps/geomaps/1639.jpg
Vernonia anthelmintica (L.) WILLD.,http://envis.frlht.org/distrimaps/geomaps/502.jpg
Vernonia cinerea LESS.,http://envis.frlht.org/distrimaps/geomaps/2175.jpg
Vetiveria zizanioides (L.) NASH,http://envis.frlht.org/distrimaps/geomaps/2177.jpg
Viburnum cylindricum BUCH.-HAM.EX D.DON,http://envis.frlht.org/distrimaps/geomaps/2178.jpg
Viburnum foetidum WALL.,http://envis.frlht.org/distrimaps/geomaps/2179.jpg
Viburnum nervosum D.DON,http://envis.frlht.org/distrimaps/geomaps/2180.jpg
Vigna dalzelliana (O.KTZE ) VERDC.,http://envis.frlht.org/distrimaps/geomaps/2190.jpg
Vigna vexillata (L.) A. RICH.,http://envis.frlht.org/distrimaps/geomaps/2203.jpg
Viola cinerea BOISS.,http://envis.frlht.org/distrimaps/geomaps/2206.jpg
Viola odorata L.,http://envis.frlht.org/distrimaps/geomaps/2207.jpg
Viola pilosa BI.,http://envis.frlht.org/distrimaps/geomaps/4076.jpg
Viola serpens WALL.,http://envis.frlht.org/distrimaps/geomaps/4076.jpg
Viola suffruticosa L.,http://envis.frlht.org/distrimaps/geomaps/1150.jpg
Viscum album L.,http://envis.frlht.org/distrimaps/geomaps/2209.jpg
Vitex leucoxylon SCHAU,http://envis.frlht.org/distrimaps/geomaps/2213.jpg
Vitex negundo L.,http://envis.frlht.org/distrimaps/geomaps/2214.jpg
Vitex paniculata LAM.,http://envis.frlht.org/distrimaps/geomaps/2214.jpg
Vitex peduncularis WALL .,http://envis.frlht.org/distrimaps/geomaps/2219.jpg
Vitis araneosus DALZ. & GIBS. EX M.LAWS,http://envis.frlht.org/distrimaps/geomaps/166.jpg
Vitis carnosa (ROXB.) WALL.,http://envis.frlht.org/distrimaps/geomaps/481.jpg
Vitis pedata VAHL EX WALL.,http://envis.frlht.org/distrimaps/geomaps/3203.jpg
Vitis quadrangularis WALT EX WIGHT & ARN.,http://envis.frlht.org/distrimaps/geomaps/547.jpg
Vitis trifolia L.,http://envis.frlht.org/distrimaps/geomaps/481.jpg
Withania coagulans DUNAL,http://envis.frlht.org/distrimaps/geomaps/2229.jpg
Woodfordia floribunda SALISB.,http://envis.frlht.org/distrimaps/geomaps/2234.jpg
Woodfordia fruticosa (L.) KURZ,http://envis.frlht.org/distrimaps/geomaps/2234.jpg
Wrightia antidysenterica GRAH.,http://envis.frlht.org/distrimaps/geomaps/1140.jpg
Wrightia arborea (DENNST.) MABB.,http://envis.frlht.org/distrimaps/geomaps/2236.jpg
Wrightia tinctoria R.BR.,http://envis.frlht.org/distrimaps/geomaps/2239.jpg
Wrightia tomentosa R.& S.,http://envis.frlht.org/distrimaps/geomaps/2236.jpg
Wrightia zeylanica R. BR.,http://envis.frlht.org/distrimaps/geomaps/1140.jpg
Xeromphis spinosa (THUNB.) KEAY,http://envis.frlht.org/distrimaps/geomaps/477.jpg
Ximenia aegyptiaca L.,http://envis.frlht.org/distrimaps/geomaps/271.jpg
Xylia xylocarpa (ROXB.) TAUB.,http://envis.frlht.org/distrimaps/geomaps/2243.jpg
Xyris indica L.,http://envis.frlht.org/distrimaps/geomaps/2245.jpg
Zaleya decandra (L.) BURM. F.,http://envis.frlht.org/distrimaps/geomaps/2246.jpg
Zalia decandra (L.) BURM. F.,http://envis.frlht.org/distrimaps/geomaps/2246.jpg
Zanthoxylum acanthopodium DC.,http://envis.frlht.org/distrimaps/geomaps/2249.jpg
Zanthoxylum alatum ROXB.,http://envis.frlht.org/distrimaps/geomaps/2252.jpg
Zanthoxylum armatum DC.,http://envis.frlht.org/distrimaps/geomaps/2252.jpg
Zanthoxylum budrunga (ROXB.) DC.,http://envis.frlht.org/distrimaps/geomaps/2254.jpg
Zanthoxylum hostile WALL.,http://envis.frlht.org/distrimaps/geomaps/2249.jpg
Zanthoxylum limonella (DENNST.) ALSTON,http://envis.frlht.org/distrimaps/geomaps/2254.jpg
Zanthoxylum rhetsa (ROXB.) DC.,http://envis.frlht.org/distrimaps/geomaps/2254.jpg
Zanthoxylum triphyllum WIGHT.,http://envis.frlht.org/distrimaps/geomaps/946.jpg
Ziziphus glabrata HEYNE,http://envis.frlht.org/distrimaps/geomaps/2265.jpg
Ziziphus jujuba LAM.,http://envis.frlht.org/distrimaps/geomaps/2266.jpg
Ziziphus mauritiana LAM.,http://envis.frlht.org/distrimaps/geomaps/2266.jpg
Ziziphus sativa GAERTN.,http://envis.frlht.org/distrimaps/geomaps/4517.jpg
Ziziphus trinervia ROXB.,http://envis.frlht.org/distrimaps/geomaps/2265.jpg
Ziziphus vulgaris LAM.,http://envis.frlht.org/distrimaps/geomaps/4517.jpg
Ziziphus xylopyrus WILLD.,http://envis.frlht.org/distrimaps/geomaps/2275.jpg
